,trace_id,flight,departure_date,price,timestamp
6,21,ZAG_EIN,2022-08-29,95.0,2022-08-06 22:29:00
0,22,EIN_ZAG,2022-08-29,14.0,2022-08-06 22:30:00
1,12,EIN_ZAG,2022-08-19,27.0,2022-08-06 22:30:00
2,15,EIN_ZAG,2022-08-22,20.0,2022-08-06 22:30:00
3,19,EIN_ZAG,2022-08-26,27.0,2022-08-06 22:30:00
4,1,EIN_ZAG,2022-08-08,50.0,2022-08-06 22:30:00
5,5,EIN_ZAG,2022-08-12,74.0,2022-08-06 22:30:00
6,8,EIN_ZAG,2022-08-15,37.0,2022-08-06 22:30:00
8,10,ZAG_STN,2022-08-15,90.0,2022-08-06 22:30:00
10,12,ZAG_STN,2022-08-16,98.0,2022-08-06 22:30:00
11,13,ZAG_STN,2022-08-17,57.0,2022-08-06 22:30:00
16,0,ZAG_STN,2022-08-08,76.0,2022-08-06 22:30:00
19,5,ZAG_STN,2022-08-11,95.0,2022-08-06 22:30:00
0,22,STN_ZAG,2022-08-25,29.0,2022-08-06 22:30:00
1,23,STN_ZAG,2022-08-26,55.0,2022-08-06 22:30:00
2,25,STN_ZAG,2022-08-27,55.0,2022-08-06 22:30:00
3,26,STN_ZAG,2022-08-28,19.0,2022-08-06 22:30:00
4,28,STN_ZAG,2022-08-29,43.0,2022-08-06 22:30:00
5,29,STN_ZAG,2022-08-30,19.0,2022-08-06 22:30:00
6,30,STN_ZAG,2022-08-31,24.0,2022-08-06 22:30:00
9,12,STN_ZAG,2022-08-16,58.0,2022-08-06 22:30:00
10,13,STN_ZAG,2022-08-17,43.0,2022-08-06 22:30:00
11,14,STN_ZAG,2022-08-18,59.0,2022-08-06 22:30:00
12,16,STN_ZAG,2022-08-19,90.0,2022-08-06 22:30:00
13,17,STN_ZAG,2022-08-20,92.0,2022-08-06 22:30:00
14,18,STN_ZAG,2022-08-21,59.0,2022-08-06 22:30:00
15,19,STN_ZAG,2022-08-22,29.0,2022-08-06 22:30:00
22,20,STN_ZAG,2022-08-23,24.0,2022-08-06 22:30:00
23,21,STN_ZAG,2022-08-24,18.0,2022-08-06 22:30:00
0,24,ZAG_AGP,2022-08-31,60.0,2022-08-06 22:30:00
4,3,ZAG_AGP,2022-08-10,78.0,2022-08-06 22:30:00
5,6,ZAG_AGP,2022-08-13,80.0,2022-08-06 22:30:00
6,20,ZAG_AGP,2022-08-27,70.0,2022-08-06 22:30:00
1,22,AGP_ZAG,2022-08-31,79.0,2022-08-06 22:30:00
2,15,AGP_ZAG,2022-08-24,68.0,2022-08-06 22:30:00
3,18,AGP_ZAG,2022-08-27,67.0,2022-08-06 22:30:00
3,28,ZAG_CRL,2022-08-26,91.0,2022-08-06 22:30:00
4,29,ZAG_CRL,2022-08-27,84.0,2022-08-06 22:30:00
6,32,ZAG_CRL,2022-08-29,76.0,2022-08-06 22:30:00
10,14,ZAG_CRL,2022-08-17,72.0,2022-08-06 22:30:00
11,36,ZAG_CRL,2022-08-31,79.0,2022-08-06 22:30:00
13,17,ZAG_CRL,2022-08-19,83.0,2022-08-06 22:30:00
14,18,ZAG_CRL,2022-08-20,80.0,2022-08-06 22:30:00
15,1,ZAG_CRL,2022-08-08,85.0,2022-08-06 22:30:00
17,4,ZAG_CRL,2022-08-10,53.0,2022-08-06 22:30:00
20,8,ZAG_CRL,2022-08-13,79.0,2022-08-06 22:30:00
0,22,CRL_ZAG,2022-08-24,21.0,2022-08-06 22:30:00
2,25,CRL_ZAG,2022-08-26,13.0,2022-08-06 22:30:00
3,26,CRL_ZAG,2022-08-27,13.0,2022-08-06 22:30:00
4,27,CRL_ZAG,2022-08-28,20.0,2022-08-06 22:30:00
5,28,CRL_ZAG,2022-08-29,15.0,2022-08-06 22:30:00
7,31,CRL_ZAG,2022-08-31,13.0,2022-08-06 22:30:00
8,10,CRL_ZAG,2022-08-15,13.0,2022-08-06 22:30:00
10,13,CRL_ZAG,2022-08-17,14.0,2022-08-06 22:30:00
12,16,CRL_ZAG,2022-08-19,14.0,2022-08-06 22:30:00
13,17,CRL_ZAG,2022-08-20,15.0,2022-08-06 22:30:00
14,18,CRL_ZAG,2022-08-21,13.0,2022-08-06 22:30:00
15,19,CRL_ZAG,2022-08-22,13.0,2022-08-06 22:30:00
17,1,CRL_ZAG,2022-08-08,26.0,2022-08-06 22:30:00
19,4,CRL_ZAG,2022-08-10,63.0,2022-08-06 22:30:00
21,7,CRL_ZAG,2022-08-12,24.0,2022-08-06 22:30:00
22,8,CRL_ZAG,2022-08-13,24.0,2022-08-06 22:30:00
23,9,CRL_ZAG,2022-08-14,13.0,2022-08-06 22:30:00
5,10,ZAG_BVA,2022-08-14,68.0,2022-08-06 22:30:00
13,17,ZAG_BVA,2022-08-18,79.0,2022-08-06 22:30:00
16,0,ZAG_BVA,2022-08-07,51.0,2022-08-06 22:30:00
20,7,ZAG_BVA,2022-08-11,58.0,2022-08-06 22:30:00
0,22,BVA_ZAG,2022-08-21,11.0,2022-08-06 22:30:00
4,29,BVA_ZAG,2022-08-25,11.0,2022-08-06 22:30:00
6,10,BVA_ZAG,2022-08-14,26.0,2022-08-06 22:30:00
9,34,BVA_ZAG,2022-08-28,12.0,2022-08-06 22:30:00
14,17,BVA_ZAG,2022-08-18,11.0,2022-08-06 22:30:00
0,22,ZAG_BEG,2022-08-27,73.0,2022-08-06 22:30:00
1,24,ZAG_BEG,2022-08-29,49.0,2022-08-06 22:30:00
2,11,ZAG_BEG,2022-08-18,83.0,2022-08-06 22:30:00
3,12,ZAG_BEG,2022-08-19,83.0,2022-08-06 22:30:00
4,14,ZAG_BEG,2022-08-20,84.0,2022-08-06 22:30:00
5,15,ZAG_BEG,2022-08-21,85.0,2022-08-06 22:30:00
6,16,ZAG_BEG,2022-08-22,48.0,2022-08-06 22:30:00
7,0,ZAG_BEG,2022-08-07,91.0,2022-08-06 22:30:00
8,1,ZAG_BEG,2022-08-08,78.0,2022-08-06 22:30:00
9,4,ZAG_BEG,2022-08-11,86.0,2022-08-06 22:30:00
10,5,ZAG_BEG,2022-08-12,79.0,2022-08-06 22:30:00
11,6,ZAG_BEG,2022-08-13,85.0,2022-08-06 22:30:00
13,8,ZAG_BEG,2022-08-15,74.0,2022-08-06 22:30:00
14,20,ZAG_BEG,2022-08-25,75.0,2022-08-06 22:30:00
15,21,ZAG_BEG,2022-08-26,60.0,2022-08-06 22:30:00
0,22,BEG_ZAG,2022-08-29,62.0,2022-08-06 22:31:00
1,10,BEG_ZAG,2022-08-18,50.0,2022-08-06 22:31:00
2,11,BEG_ZAG,2022-08-19,83.0,2022-08-06 22:31:00
3,12,BEG_ZAG,2022-08-20,67.0,2022-08-06 22:31:00
4,13,BEG_ZAG,2022-08-21,92.0,2022-08-06 22:31:00
5,14,BEG_ZAG,2022-08-22,68.0,2022-08-06 22:31:00
6,17,BEG_ZAG,2022-08-25,66.0,2022-08-06 22:31:00
7,19,BEG_ZAG,2022-08-26,50.0,2022-08-06 22:31:00
9,3,BEG_ZAG,2022-08-11,82.0,2022-08-06 22:31:00
10,4,BEG_ZAG,2022-08-12,73.0,2022-08-06 22:31:00
11,5,BEG_ZAG,2022-08-13,78.0,2022-08-06 22:31:00
12,6,BEG_ZAG,2022-08-14,82.0,2022-08-06 22:31:00
13,7,BEG_ZAG,2022-08-15,78.0,2022-08-06 22:31:00
14,20,BEG_ZAG,2022-08-27,67.0,2022-08-06 22:31:00
15,21,BEG_ZAG,2022-08-28,67.0,2022-08-06 22:31:00
0,11,ZAG_MMX,2022-08-18,73.0,2022-08-06 22:31:00
1,22,ZAG_MMX,2022-08-30,12.0,2022-08-06 22:31:00
3,16,ZAG_MMX,2022-08-23,22.0,2022-08-06 22:31:00
4,17,ZAG_MMX,2022-08-25,16.0,2022-08-06 22:31:00
5,19,ZAG_MMX,2022-08-27,12.0,2022-08-06 22:31:00
9,9,ZAG_MMX,2022-08-16,93.0,2022-08-06 22:31:00
0,12,MMX_ZAG,2022-08-25,13.0,2022-08-06 22:31:00
1,14,MMX_ZAG,2022-08-27,25.0,2022-08-06 22:31:00
2,16,MMX_ZAG,2022-08-30,13.0,2022-08-06 22:31:00
3,1,MMX_ZAG,2022-08-09,27.0,2022-08-06 22:31:00
4,3,MMX_ZAG,2022-08-11,11.0,2022-08-06 22:31:00
5,4,MMX_ZAG,2022-08-16,13.0,2022-08-06 22:31:00
6,6,MMX_ZAG,2022-08-18,11.0,2022-08-06 22:31:00
7,8,MMX_ZAG,2022-08-20,13.0,2022-08-06 22:31:00
8,10,MMX_ZAG,2022-08-23,11.0,2022-08-06 22:31:00
0,22,ZAG_GOT,2022-08-29,22.0,2022-08-06 22:31:00
1,24,ZAG_GOT,2022-08-31,31.0,2022-08-06 22:31:00
4,15,ZAG_GOT,2022-08-22,66.0,2022-08-06 22:31:00
5,17,ZAG_GOT,2022-08-24,25.0,2022-08-06 22:31:00
6,19,ZAG_GOT,2022-08-26,31.0,2022-08-06 22:31:00
0,12,GOT_ZAG,2022-08-24,20.0,2022-08-06 22:31:00
1,14,GOT_ZAG,2022-08-26,13.0,2022-08-06 22:31:00
2,17,GOT_ZAG,2022-08-29,22.0,2022-08-06 22:31:00
3,18,GOT_ZAG,2022-08-31,31.0,2022-08-06 22:31:00
4,0,GOT_ZAG,2022-08-08,38.0,2022-08-06 22:31:00
5,4,GOT_ZAG,2022-08-12,20.0,2022-08-06 22:31:00
6,7,GOT_ZAG,2022-08-15,20.0,2022-08-06 22:31:00
7,9,GOT_ZAG,2022-08-17,13.0,2022-08-06 22:31:00
8,10,GOT_ZAG,2022-08-19,31.0,2022-08-06 22:31:00
1,28,ZAG_ATH,2022-08-31,86.0,2022-08-06 22:31:00
2,10,ZAG_ATH,2022-08-17,93.0,2022-08-06 22:31:00
0,25,ATH_ZAG,2022-08-31,93.0,2022-08-06 22:31:00
0,12,ZAG_SKG,2022-08-21,13.0,2022-08-06 22:31:00
1,16,ZAG_SKG,2022-08-25,13.0,2022-08-06 22:31:00
2,19,ZAG_SKG,2022-08-28,13.0,2022-08-06 22:31:00
3,3,ZAG_SKG,2022-08-11,79.0,2022-08-06 22:31:00
4,5,ZAG_SKG,2022-08-14,53.0,2022-08-06 22:31:00
5,9,ZAG_SKG,2022-08-18,18.0,2022-08-06 22:31:00
3,6,SKG_ZAG,2022-08-14,79.0,2022-08-06 22:31:00
4,20,SKG_ZAG,2022-08-28,87.0,2022-08-06 22:31:00
5,10,SKG_ZAG,2022-08-18,93.0,2022-08-06 22:31:00
0,14,ZAG_CFU,2022-08-23,18.0,2022-08-06 22:31:00
1,18,ZAG_CFU,2022-08-30,20.0,2022-08-06 22:31:00
2,2,ZAG_CFU,2022-08-09,60.0,2022-08-06 22:31:00
3,8,ZAG_CFU,2022-08-16,71.0,2022-08-06 22:31:00
0,13,CFU_ZAG,2022-08-23,44.0,2022-08-06 22:32:00
1,19,CFU_ZAG,2022-08-30,68.0,2022-08-06 22:32:00
2,1,CFU_ZAG,2022-08-09,80.0,2022-08-06 22:32:00
3,7,CFU_ZAG,2022-08-16,38.0,2022-08-06 22:32:00
10,21,ZAG_LIS,2022-08-24,98.0,2022-08-06 22:32:00
1,23,ZAG_SJJ,2022-08-28,96.0,2022-08-06 22:32:00
2,25,ZAG_SJJ,2022-08-30,98.0,2022-08-06 22:32:00
3,27,ZAG_SJJ,2022-08-31,95.0,2022-08-06 22:32:00
19,20,ZAG_SJJ,2022-08-25,90.0,2022-08-06 22:32:00
1,23,SJJ_ZAG,2022-08-28,99.0,2022-08-06 22:32:00
2,24,SJJ_ZAG,2022-08-29,93.0,2022-08-06 22:32:00
20,21,SJJ_ZAG,2022-08-26,93.0,2022-08-06 22:32:00
0,11,ZAG_FKB,2022-08-18,11.0,2022-08-06 22:32:00
1,22,ZAG_FKB,2022-08-30,31.0,2022-08-06 22:32:00
2,12,ZAG_FKB,2022-08-20,82.0,2022-08-06 22:32:00
3,15,ZAG_FKB,2022-08-23,36.0,2022-08-06 22:32:00
4,17,ZAG_FKB,2022-08-25,11.0,2022-08-06 22:32:00
5,19,ZAG_FKB,2022-08-27,31.0,2022-08-06 22:32:00
6,2,ZAG_FKB,2022-08-09,23.0,2022-08-06 22:32:00
7,4,ZAG_FKB,2022-08-11,12.0,2022-08-06 22:32:00
8,6,ZAG_FKB,2022-08-13,58.0,2022-08-06 22:32:00
9,9,ZAG_FKB,2022-08-16,31.0,2022-08-06 22:32:00
0,12,FKB_ZAG,2022-08-20,33.0,2022-08-06 22:32:00
1,14,FKB_ZAG,2022-08-23,11.0,2022-08-06 22:32:00
2,16,FKB_ZAG,2022-08-25,11.0,2022-08-06 22:32:00
3,18,FKB_ZAG,2022-08-27,11.0,2022-08-06 22:32:00
5,4,FKB_ZAG,2022-08-11,58.0,2022-08-06 22:32:00
6,6,FKB_ZAG,2022-08-13,75.0,2022-08-06 22:32:00
7,8,FKB_ZAG,2022-08-16,11.0,2022-08-06 22:32:00
8,10,FKB_ZAG,2022-08-18,14.0,2022-08-06 22:32:00
9,21,FKB_ZAG,2022-08-30,11.0,2022-08-06 22:32:00
4,18,ZAG_CGN,2022-08-26,94.0,2022-08-06 22:32:00
0,22,CGN_ZAG,2022-08-29,70.0,2022-08-06 22:32:00
2,15,CGN_ZAG,2022-08-21,70.0,2022-08-06 22:32:00
3,16,CGN_ZAG,2022-08-22,75.0,2022-08-06 22:32:00
4,0,CGN_ZAG,2022-08-07,80.0,2022-08-06 22:32:00
5,1,CGN_ZAG,2022-08-08,80.0,2022-08-06 22:32:00
6,5,CGN_ZAG,2022-08-12,78.0,2022-08-06 22:32:00
7,7,CGN_ZAG,2022-08-14,70.0,2022-08-06 22:32:00
8,8,CGN_ZAG,2022-08-15,70.0,2022-08-06 22:32:00
10,21,CGN_ZAG,2022-08-28,50.0,2022-08-06 22:32:00
0,22,ZAG_HHN,2022-08-22,33.0,2022-08-06 22:32:00
2,25,ZAG_HHN,2022-08-24,28.0,2022-08-06 22:32:00
4,28,ZAG_HHN,2022-08-26,42.0,2022-08-06 22:32:00
8,33,ZAG_HHN,2022-08-29,39.0,2022-08-06 22:32:00
11,14,ZAG_HHN,2022-08-17,31.0,2022-08-06 22:32:00
12,36,ZAG_HHN,2022-08-31,18.0,2022-08-06 22:32:00
14,17,ZAG_HHN,2022-08-19,29.0,2022-08-06 22:32:00
16,0,ZAG_HHN,2022-08-08,49.0,2022-08-06 22:32:00
18,3,ZAG_HHN,2022-08-10,32.0,2022-08-06 22:32:00
20,6,ZAG_HHN,2022-08-12,49.0,2022-08-06 22:32:00
1,24,HHN_ZAG,2022-08-22,19.0,2022-08-06 22:32:00
3,27,HHN_ZAG,2022-08-24,20.0,2022-08-06 22:32:00
5,30,HHN_ZAG,2022-08-26,11.0,2022-08-06 22:32:00
9,13,HHN_ZAG,2022-08-15,18.0,2022-08-06 22:32:00
10,35,HHN_ZAG,2022-08-29,20.0,2022-08-06 22:32:00
13,16,HHN_ZAG,2022-08-17,22.0,2022-08-06 22:32:00
14,38,HHN_ZAG,2022-08-31,31.0,2022-08-06 22:32:00
16,19,HHN_ZAG,2022-08-19,11.0,2022-08-06 22:32:00
18,2,HHN_ZAG,2022-08-08,50.0,2022-08-06 22:32:00
20,5,HHN_ZAG,2022-08-10,52.0,2022-08-06 22:32:00
0,22,ZAG_FMM,2022-08-29,30.0,2022-08-06 22:32:00
1,12,ZAG_FMM,2022-08-19,21.0,2022-08-06 22:32:00
2,23,ZAG_FMM,2022-08-31,14.0,2022-08-06 22:32:00
3,15,ZAG_FMM,2022-08-22,25.0,2022-08-06 22:32:00
4,17,ZAG_FMM,2022-08-24,16.0,2022-08-06 22:32:00
5,19,ZAG_FMM,2022-08-26,19.0,2022-08-06 22:32:00
6,1,ZAG_FMM,2022-08-08,82.0,2022-08-06 22:32:00
7,3,ZAG_FMM,2022-08-10,12.0,2022-08-06 22:32:00
8,5,ZAG_FMM,2022-08-12,31.0,2022-08-06 22:32:00
9,8,ZAG_FMM,2022-08-15,76.0,2022-08-06 22:32:00
10,10,ZAG_FMM,2022-08-17,21.0,2022-08-06 22:32:00
0,22,FMM_ZAG,2022-08-31,13.0,2022-08-06 22:33:00
1,12,FMM_ZAG,2022-08-19,31.0,2022-08-06 22:33:00
2,14,FMM_ZAG,2022-08-22,20.0,2022-08-06 22:33:00
3,16,FMM_ZAG,2022-08-24,13.0,2022-08-06 22:33:00
4,18,FMM_ZAG,2022-08-26,17.0,2022-08-06 22:33:00
5,1,FMM_ZAG,2022-08-08,78.0,2022-08-06 22:33:00
6,3,FMM_ZAG,2022-08-10,43.0,2022-08-06 22:33:00
7,5,FMM_ZAG,2022-08-12,97.0,2022-08-06 22:33:00
8,8,FMM_ZAG,2022-08-15,50.0,2022-08-06 22:33:00
9,10,FMM_ZAG,2022-08-17,16.0,2022-08-06 22:33:00
10,21,FMM_ZAG,2022-08-29,31.0,2022-08-06 22:33:00
0,23,ZAG_NRN,2022-08-30,13.0,2022-08-06 22:33:00
1,11,ZAG_NRN,2022-08-18,11.0,2022-08-06 22:33:00
2,13,ZAG_NRN,2022-08-20,50.0,2022-08-06 22:33:00
3,16,ZAG_NRN,2022-08-23,26.0,2022-08-06 22:33:00
4,18,ZAG_NRN,2022-08-25,48.0,2022-08-06 22:33:00
6,4,ZAG_NRN,2022-08-11,41.0,2022-08-06 22:33:00
7,6,ZAG_NRN,2022-08-13,53.0,2022-08-06 22:33:00
8,9,ZAG_NRN,2022-08-16,39.0,2022-08-06 22:33:00
9,20,ZAG_NRN,2022-08-27,29.0,2022-08-06 22:33:00
0,22,NRN_ZAG,2022-08-30,11.0,2022-08-06 22:33:00
1,12,NRN_ZAG,2022-08-20,11.0,2022-08-06 22:33:00
2,15,NRN_ZAG,2022-08-23,11.0,2022-08-06 22:33:00
3,17,NRN_ZAG,2022-08-25,11.0,2022-08-06 22:33:00
4,19,NRN_ZAG,2022-08-27,11.0,2022-08-06 22:33:00
5,1,NRN_ZAG,2022-08-09,26.0,2022-08-06 22:33:00
6,3,NRN_ZAG,2022-08-11,23.0,2022-08-06 22:33:00
7,5,NRN_ZAG,2022-08-13,11.0,2022-08-06 22:33:00
8,8,NRN_ZAG,2022-08-16,11.0,2022-08-06 22:33:00
9,10,NRN_ZAG,2022-08-18,22.0,2022-08-06 22:33:00
0,11,ZAG_DTM,2022-08-19,28.0,2022-08-06 22:33:00
1,14,ZAG_DTM,2022-08-22,69.0,2022-08-06 22:33:00
2,18,ZAG_DTM,2022-08-26,32.0,2022-08-06 22:33:00
5,8,ZAG_DTM,2022-08-15,57.0,2022-08-06 22:33:00
6,21,ZAG_DTM,2022-08-29,14.0,2022-08-06 22:33:00
0,12,DTM_ZAG,2022-08-19,12.0,2022-08-06 22:33:00
1,14,DTM_ZAG,2022-08-22,11.0,2022-08-06 22:33:00
2,16,DTM_ZAG,2022-08-26,13.0,2022-08-06 22:33:00
3,18,DTM_ZAG,2022-08-29,11.0,2022-08-06 22:33:00
4,1,DTM_ZAG,2022-08-08,36.0,2022-08-06 22:33:00
5,5,DTM_ZAG,2022-08-12,17.0,2022-08-06 22:33:00
6,8,DTM_ZAG,2022-08-15,11.0,2022-08-06 22:33:00
0,22,ZAG_STR,2022-08-29,80.0,2022-08-06 22:33:00
1,12,ZAG_STR,2022-08-19,77.0,2022-08-06 22:33:00
2,14,ZAG_STR,2022-08-21,73.0,2022-08-06 22:33:00
3,15,ZAG_STR,2022-08-22,82.0,2022-08-06 22:33:00
4,19,ZAG_STR,2022-08-26,73.0,2022-08-06 22:33:00
6,4,ZAG_STR,2022-08-12,82.0,2022-08-06 22:33:00
9,21,ZAG_STR,2022-08-28,87.0,2022-08-06 22:33:00
0,22,STR_ZAG,2022-08-29,47.0,2022-08-06 22:33:00
1,12,STR_ZAG,2022-08-19,77.0,2022-08-06 22:33:00
2,14,STR_ZAG,2022-08-21,60.0,2022-08-06 22:33:00
3,15,STR_ZAG,2022-08-22,77.0,2022-08-06 22:33:00
4,19,STR_ZAG,2022-08-26,68.0,2022-08-06 22:33:00
7,7,STR_ZAG,2022-08-14,80.0,2022-08-06 22:33:00
8,8,STR_ZAG,2022-08-15,80.0,2022-08-06 22:33:00
9,21,STR_ZAG,2022-08-28,47.0,2022-08-06 22:33:00
0,12,ZAG_BTS,2022-08-19,14.0,2022-08-06 22:33:00
1,23,ZAG_BTS,2022-08-31,12.0,2022-08-06 22:33:00
2,14,ZAG_BTS,2022-08-21,23.0,2022-08-06 22:33:00
3,17,ZAG_BTS,2022-08-24,11.0,2022-08-06 22:33:00
4,19,ZAG_BTS,2022-08-26,16.0,2022-08-06 22:33:00
5,0,ZAG_BTS,2022-08-07,41.0,2022-08-06 22:33:00
6,3,ZAG_BTS,2022-08-10,11.0,2022-08-06 22:33:00
7,5,ZAG_BTS,2022-08-12,11.0,2022-08-06 22:33:00
8,7,ZAG_BTS,2022-08-14,25.0,2022-08-06 22:33:00
9,20,ZAG_BTS,2022-08-28,15.0,2022-08-06 22:33:00
10,10,ZAG_BTS,2022-08-17,17.0,2022-08-06 22:33:00
0,24,BTS_ZAG,2022-08-31,11.0,2022-08-06 22:33:00
1,10,BTS_ZAG,2022-08-17,14.0,2022-08-06 22:33:00
2,12,BTS_ZAG,2022-08-19,18.0,2022-08-06 22:33:00
3,14,BTS_ZAG,2022-08-21,17.0,2022-08-06 22:33:00
4,17,BTS_ZAG,2022-08-24,23.0,2022-08-06 22:33:00
5,19,BTS_ZAG,2022-08-26,25.0,2022-08-06 22:33:00
6,0,BTS_ZAG,2022-08-07,37.0,2022-08-06 22:33:00
7,3,BTS_ZAG,2022-08-10,11.0,2022-08-06 22:33:00
8,5,BTS_ZAG,2022-08-12,17.0,2022-08-06 22:33:00
9,7,BTS_ZAG,2022-08-14,14.0,2022-08-06 22:33:00
10,21,BTS_ZAG,2022-08-28,18.0,2022-08-06 22:33:00
0,24,ZAG_PFO,2022-08-31,67.0,2022-08-06 22:33:00
1,11,ZAG_PFO,2022-08-17,29.0,2022-08-06 22:33:00
2,13,ZAG_PFO,2022-08-19,79.0,2022-08-06 22:33:00
3,15,ZAG_PFO,2022-08-22,54.0,2022-08-06 22:33:00
4,16,ZAG_PFO,2022-08-24,68.0,2022-08-06 22:33:00
5,18,ZAG_PFO,2022-08-26,44.0,2022-08-06 22:33:00
7,3,ZAG_PFO,2022-08-10,65.0,2022-08-06 22:33:00
9,9,ZAG_PFO,2022-08-15,30.0,2022-08-06 22:33:00
10,21,ZAG_PFO,2022-08-29,26.0,2022-08-06 22:33:00
0,12,ZAG_BDS,2022-08-24,15.0,2022-08-06 22:34:00
1,16,ZAG_BDS,2022-08-28,15.0,2022-08-06 22:34:00
2,19,ZAG_BDS,2022-08-31,16.0,2022-08-06 22:34:00
3,0,ZAG_BDS,2022-08-07,49.0,2022-08-06 22:34:00
4,2,ZAG_BDS,2022-08-10,26.0,2022-08-06 22:34:00
5,5,ZAG_BDS,2022-08-14,15.0,2022-08-06 22:34:00
6,7,ZAG_BDS,2022-08-17,22.0,2022-08-06 22:34:00
7,10,ZAG_BDS,2022-08-21,22.0,2022-08-06 22:34:00
0,11,BDS_ZAG,2022-08-21,16.0,2022-08-06 22:34:00
1,14,BDS_ZAG,2022-08-24,18.0,2022-08-06 22:34:00
2,17,BDS_ZAG,2022-08-28,15.0,2022-08-06 22:34:00
5,7,BDS_ZAG,2022-08-14,56.0,2022-08-06 22:34:00
6,9,BDS_ZAG,2022-08-17,30.0,2022-08-06 22:34:00
7,20,BDS_ZAG,2022-08-31,17.0,2022-08-06 22:34:00
1,23,ZAG_FCO,2022-08-29,28.0,2022-08-06 22:34:00
2,12,ZAG_FCO,2022-08-19,64.0,2022-08-06 22:34:00
3,13,ZAG_FCO,2022-08-20,45.0,2022-08-06 22:34:00
4,14,ZAG_FCO,2022-08-21,70.0,2022-08-06 22:34:00
6,19,ZAG_FCO,2022-08-26,90.0,2022-08-06 22:34:00
7,0,ZAG_FCO,2022-08-08,36.0,2022-08-06 22:34:00
8,4,ZAG_FCO,2022-08-12,49.0,2022-08-06 22:34:00
9,5,ZAG_FCO,2022-08-13,15.0,2022-08-06 22:34:00
10,7,ZAG_FCO,2022-08-14,82.0,2022-08-06 22:34:00
11,8,ZAG_FCO,2022-08-15,66.0,2022-08-06 22:34:00
0,22,FCO_ZAG,2022-08-27,15.0,2022-08-06 22:34:00
1,23,FCO_ZAG,2022-08-28,15.0,2022-08-06 22:34:00
2,24,FCO_ZAG,2022-08-29,15.0,2022-08-06 22:34:00
4,14,FCO_ZAG,2022-08-19,77.0,2022-08-06 22:34:00
5,15,FCO_ZAG,2022-08-20,26.0,2022-08-06 22:34:00
6,16,FCO_ZAG,2022-08-21,18.0,2022-08-06 22:34:00
7,17,FCO_ZAG,2022-08-22,26.0,2022-08-06 22:34:00
11,8,FCO_ZAG,2022-08-13,90.0,2022-08-06 22:34:00
12,9,FCO_ZAG,2022-08-14,90.0,2022-08-06 22:34:00
13,21,FCO_ZAG,2022-08-26,15.0,2022-08-06 22:34:00
0,23,ZAG_BGY,2022-08-27,95.0,2022-08-06 22:34:00
2,27,ZAG_BGY,2022-08-30,14.0,2022-08-06 22:34:00
3,28,ZAG_BGY,2022-08-31,15.0,2022-08-06 22:34:00
4,10,ZAG_BGY,2022-08-18,31.0,2022-08-06 22:34:00
9,1,ZAG_BGY,2022-08-09,28.0,2022-08-06 22:34:00
10,2,ZAG_BGY,2022-08-10,20.0,2022-08-06 22:34:00
11,3,ZAG_BGY,2022-08-11,13.0,2022-08-06 22:34:00
12,5,ZAG_BGY,2022-08-13,43.0,2022-08-06 22:34:00
13,6,ZAG_BGY,2022-08-14,11.0,2022-08-06 22:34:00
14,8,ZAG_BGY,2022-08-16,29.0,2022-08-06 22:34:00
15,9,ZAG_BGY,2022-08-17,38.0,2022-08-06 22:34:00
0,23,BGY_ZAG,2022-08-27,13.0,2022-08-06 22:34:00
1,24,BGY_ZAG,2022-08-28,11.0,2022-08-06 22:34:00
2,26,BGY_ZAG,2022-08-30,12.0,2022-08-06 22:34:00
3,27,BGY_ZAG,2022-08-31,12.0,2022-08-06 22:34:00
4,12,BGY_ZAG,2022-08-16,97.0,2022-08-06 22:34:00
5,13,BGY_ZAG,2022-08-17,13.0,2022-08-06 22:34:00
6,14,BGY_ZAG,2022-08-18,11.0,2022-08-06 22:34:00
7,16,BGY_ZAG,2022-08-20,11.0,2022-08-06 22:34:00
8,17,BGY_ZAG,2022-08-21,11.0,2022-08-06 22:34:00
9,19,BGY_ZAG,2022-08-23,11.0,2022-08-06 22:34:00
14,8,BGY_ZAG,2022-08-13,76.0,2022-08-06 22:34:00
15,9,BGY_ZAG,2022-08-14,86.0,2022-08-06 22:34:00
16,20,BGY_ZAG,2022-08-24,11.0,2022-08-06 22:34:00
17,21,BGY_ZAG,2022-08-25,11.0,2022-08-06 22:34:00
0,22,ZAG_NAP,2022-08-29,30.0,2022-08-06 22:34:00
1,12,ZAG_NAP,2022-08-19,56.0,2022-08-06 22:34:00
2,15,ZAG_NAP,2022-08-22,67.0,2022-08-06 22:34:00
3,19,ZAG_NAP,2022-08-26,56.0,2022-08-06 22:34:00
4,1,ZAG_NAP,2022-08-08,59.0,2022-08-06 22:34:00
5,5,ZAG_NAP,2022-08-12,21.0,2022-08-06 22:34:00
6,8,ZAG_NAP,2022-08-15,26.0,2022-08-06 22:34:00
0,24,NAP_ZAG,2022-08-29,15.0,2022-08-06 22:34:00
1,13,NAP_ZAG,2022-08-19,48.0,2022-08-06 22:34:00
2,16,NAP_ZAG,2022-08-22,77.0,2022-08-06 22:34:00
4,6,NAP_ZAG,2022-08-12,96.0,2022-08-06 22:34:00
5,9,NAP_ZAG,2022-08-15,99.0,2022-08-06 22:34:00
6,21,NAP_ZAG,2022-08-26,18.0,2022-08-06 22:34:00
0,22,ZAG_PUY,2022-08-25,91.0,2022-08-06 22:34:00
1,25,ZAG_PUY,2022-08-30,67.0,2022-08-06 22:34:00
2,10,ZAG_PUY,2022-08-16,91.0,2022-08-06 22:34:00
3,13,ZAG_PUY,2022-08-18,91.0,2022-08-06 22:34:00
4,17,ZAG_PUY,2022-08-21,91.0,2022-08-06 22:34:00
5,19,ZAG_PUY,2022-08-23,91.0,2022-08-06 22:34:00
6,1,ZAG_PUY,2022-08-09,88.0,2022-08-06 22:34:00
7,3,ZAG_PUY,2022-08-11,88.0,2022-08-06 22:34:00
8,7,ZAG_PUY,2022-08-14,91.0,2022-08-06 22:34:00
0,25,PUY_ZAG,2022-08-29,77.0,2022-08-06 22:34:00
1,11,PUY_ZAG,2022-08-17,79.0,2022-08-06 22:34:00
2,13,PUY_ZAG,2022-08-19,79.0,2022-08-06 22:34:00
3,18,PUY_ZAG,2022-08-22,79.0,2022-08-06 22:34:00
4,1,PUY_ZAG,2022-08-08,77.0,2022-08-06 22:34:00
5,3,PUY_ZAG,2022-08-10,77.0,2022-08-06 22:34:00
6,5,PUY_ZAG,2022-08-12,77.0,2022-08-06 22:34:00
7,9,PUY_ZAG,2022-08-15,79.0,2022-08-06 22:34:00
8,20,PUY_ZAG,2022-08-24,78.0,2022-08-06 22:34:00
0,23,ZAG_ZAD,2022-08-26,86.0,2022-08-06 22:35:00
1,24,ZAG_ZAD,2022-08-28,64.0,2022-08-06 22:35:00
2,25,ZAG_ZAD,2022-08-29,59.0,2022-08-06 22:35:00
3,11,ZAG_ZAD,2022-08-15,64.0,2022-08-06 22:35:00
4,14,ZAG_ZAD,2022-08-17,91.0,2022-08-06 22:35:00
5,16,ZAG_ZAD,2022-08-18,86.0,2022-08-06 22:35:00
6,17,ZAG_ZAD,2022-08-19,85.0,2022-08-06 22:35:00
7,18,ZAG_ZAD,2022-08-20,90.0,2022-08-06 22:35:00
8,19,ZAG_ZAD,2022-08-22,76.0,2022-08-06 22:35:00
9,0,ZAG_ZAD,2022-08-07,87.0,2022-08-06 22:35:00
10,1,ZAG_ZAD,2022-08-08,85.0,2022-08-06 22:35:00
11,3,ZAG_ZAD,2022-08-10,88.0,2022-08-06 22:35:00
12,5,ZAG_ZAD,2022-08-11,88.0,2022-08-06 22:35:00
14,8,ZAG_ZAD,2022-08-13,88.0,2022-08-06 22:35:00
15,9,ZAG_ZAD,2022-08-14,89.0,2022-08-06 22:35:00
16,21,ZAG_ZAD,2022-08-24,87.0,2022-08-06 22:35:00
1,25,ZAD_ZAG,2022-08-25,80.0,2022-08-06 22:35:00
3,31,ZAD_ZAG,2022-08-29,79.0,2022-08-06 22:35:00
4,10,ZAD_ZAG,2022-08-14,80.0,2022-08-06 22:35:00
6,11,ZAD_ZAG,2022-08-15,80.0,2022-08-06 22:35:00
7,13,ZAD_ZAG,2022-08-16,79.0,2022-08-06 22:35:00
8,15,ZAD_ZAG,2022-08-18,80.0,2022-08-06 22:35:00
10,19,ZAD_ZAG,2022-08-21,80.0,2022-08-06 22:35:00
14,21,ZAD_ZAG,2022-08-22,80.0,2022-08-06 22:35:00
1,11,ZAG_BWK,2022-08-30,62.0,2022-08-06 22:35:00
3,4,ZAG_BWK,2022-08-16,67.0,2022-08-06 22:35:00
4,6,ZAG_BWK,2022-08-20,84.0,2022-08-06 22:35:00
5,7,ZAG_BWK,2022-08-23,72.0,2022-08-06 22:35:00
6,10,ZAG_BWK,2022-08-27,65.0,2022-08-06 22:35:00
0,0,BWK_ZAG,2022-08-09,90.0,2022-08-06 22:35:00
1,1,BWK_ZAG,2022-08-13,86.0,2022-08-06 22:35:00
2,2,BWK_ZAG,2022-08-16,86.0,2022-08-06 22:35:00
3,3,BWK_ZAG,2022-08-20,78.0,2022-08-06 22:35:00
4,4,BWK_ZAG,2022-08-27,90.0,2022-08-06 22:35:00
5,5,BWK_ZAG,2022-08-30,94.0,2022-08-06 22:35:00
0,22,ZAG_SPU,2022-08-29,55.0,2022-08-06 22:35:00
1,23,ZAG_SPU,2022-08-30,56.0,2022-08-06 22:35:00
2,24,ZAG_SPU,2022-08-31,58.0,2022-08-06 22:35:00
3,10,ZAG_SPU,2022-08-17,62.0,2022-08-06 22:35:00
4,11,ZAG_SPU,2022-08-18,67.0,2022-08-06 22:35:00
5,12,ZAG_SPU,2022-08-19,62.0,2022-08-06 22:35:00
6,13,ZAG_SPU,2022-08-20,67.0,2022-08-06 22:35:00
7,14,ZAG_SPU,2022-08-21,64.0,2022-08-06 22:35:00
8,15,ZAG_SPU,2022-08-22,60.0,2022-08-06 22:35:00
9,16,ZAG_SPU,2022-08-23,62.0,2022-08-06 22:35:00
10,17,ZAG_SPU,2022-08-24,57.0,2022-08-06 22:35:00
11,18,ZAG_SPU,2022-08-25,65.0,2022-08-06 22:35:00
12,19,ZAG_SPU,2022-08-26,61.0,2022-08-06 22:35:00
13,0,ZAG_SPU,2022-08-07,83.0,2022-08-06 22:35:00
14,1,ZAG_SPU,2022-08-08,68.0,2022-08-06 22:35:00
15,2,ZAG_SPU,2022-08-09,76.0,2022-08-06 22:35:00
16,3,ZAG_SPU,2022-08-10,76.0,2022-08-06 22:35:00
17,4,ZAG_SPU,2022-08-11,77.0,2022-08-06 22:35:00
18,5,ZAG_SPU,2022-08-12,68.0,2022-08-06 22:35:00
19,6,ZAG_SPU,2022-08-13,68.0,2022-08-06 22:35:00
20,7,ZAG_SPU,2022-08-14,72.0,2022-08-06 22:35:00
21,8,ZAG_SPU,2022-08-15,71.0,2022-08-06 22:35:00
22,9,ZAG_SPU,2022-08-16,70.0,2022-08-06 22:35:00
23,20,ZAG_SPU,2022-08-27,58.0,2022-08-06 22:35:00
24,21,ZAG_SPU,2022-08-28,54.0,2022-08-06 22:35:00
0,22,SPU_ZAG,2022-08-29,45.0,2022-08-06 22:35:00
1,23,SPU_ZAG,2022-08-30,45.0,2022-08-06 22:35:00
2,24,SPU_ZAG,2022-08-31,45.0,2022-08-06 22:35:00
3,10,SPU_ZAG,2022-08-17,58.0,2022-08-06 22:35:00
4,11,SPU_ZAG,2022-08-18,58.0,2022-08-06 22:35:00
5,12,SPU_ZAG,2022-08-19,67.0,2022-08-06 22:35:00
6,13,SPU_ZAG,2022-08-20,67.0,2022-08-06 22:35:00
7,14,SPU_ZAG,2022-08-21,62.0,2022-08-06 22:35:00
8,15,SPU_ZAG,2022-08-22,55.0,2022-08-06 22:35:00
9,16,SPU_ZAG,2022-08-23,52.0,2022-08-06 22:35:00
10,17,SPU_ZAG,2022-08-24,70.0,2022-08-06 22:35:00
11,18,SPU_ZAG,2022-08-25,55.0,2022-08-06 22:35:00
12,19,SPU_ZAG,2022-08-26,64.0,2022-08-06 22:35:00
13,1,SPU_ZAG,2022-08-08,67.0,2022-08-06 22:35:00
14,2,SPU_ZAG,2022-08-09,70.0,2022-08-06 22:35:00
15,3,SPU_ZAG,2022-08-10,67.0,2022-08-06 22:35:00
16,4,SPU_ZAG,2022-08-11,70.0,2022-08-06 22:35:00
17,5,SPU_ZAG,2022-08-12,58.0,2022-08-06 22:35:00
18,6,SPU_ZAG,2022-08-13,58.0,2022-08-06 22:35:00
19,7,SPU_ZAG,2022-08-14,81.0,2022-08-06 22:35:00
20,8,SPU_ZAG,2022-08-15,62.0,2022-08-06 22:35:00
21,9,SPU_ZAG,2022-08-16,62.0,2022-08-06 22:35:00
22,20,SPU_ZAG,2022-08-27,55.0,2022-08-06 22:35:00
23,21,SPU_ZAG,2022-08-28,55.0,2022-08-06 22:35:00
0,11,ZAG_DBV,2022-08-19,67.0,2022-08-06 22:35:00
1,22,ZAG_DBV,2022-08-30,59.0,2022-08-06 22:35:00
2,12,ZAG_DBV,2022-08-20,66.0,2022-08-06 22:35:00
3,23,ZAG_DBV,2022-08-31,58.0,2022-08-06 22:35:00
4,13,ZAG_DBV,2022-08-21,63.0,2022-08-06 22:35:00
5,14,ZAG_DBV,2022-08-22,66.0,2022-08-06 22:35:00
6,15,ZAG_DBV,2022-08-23,66.0,2022-08-06 22:35:00
7,16,ZAG_DBV,2022-08-24,65.0,2022-08-06 22:35:00
8,17,ZAG_DBV,2022-08-25,66.0,2022-08-06 22:35:00
9,18,ZAG_DBV,2022-08-26,64.0,2022-08-06 22:35:00
10,19,ZAG_DBV,2022-08-27,65.0,2022-08-06 22:35:00
11,0,ZAG_DBV,2022-08-08,85.0,2022-08-06 22:35:00
12,1,ZAG_DBV,2022-08-09,85.0,2022-08-06 22:35:00
13,2,ZAG_DBV,2022-08-10,85.0,2022-08-06 22:35:00
14,3,ZAG_DBV,2022-08-11,91.0,2022-08-06 22:35:00
15,4,ZAG_DBV,2022-08-12,88.0,2022-08-06 22:35:00
16,5,ZAG_DBV,2022-08-13,72.0,2022-08-06 22:35:00
17,6,ZAG_DBV,2022-08-14,73.0,2022-08-06 22:35:00
18,7,ZAG_DBV,2022-08-15,71.0,2022-08-06 22:35:00
19,8,ZAG_DBV,2022-08-16,77.0,2022-08-06 22:35:00
20,9,ZAG_DBV,2022-08-17,77.0,2022-08-06 22:35:00
21,20,ZAG_DBV,2022-08-28,56.0,2022-08-06 22:35:00
22,10,ZAG_DBV,2022-08-18,78.0,2022-08-06 22:35:00
23,21,ZAG_DBV,2022-08-29,57.0,2022-08-06 22:35:00
0,22,DBV_ZAG,2022-08-29,82.0,2022-08-06 22:35:00
1,23,DBV_ZAG,2022-08-30,57.0,2022-08-06 22:35:00
2,24,DBV_ZAG,2022-08-31,68.0,2022-08-06 22:35:00
3,10,DBV_ZAG,2022-08-17,82.0,2022-08-06 22:35:00
4,11,DBV_ZAG,2022-08-18,66.0,2022-08-06 22:35:00
5,12,DBV_ZAG,2022-08-19,78.0,2022-08-06 22:35:00
6,13,DBV_ZAG,2022-08-20,78.0,2022-08-06 22:35:00
7,14,DBV_ZAG,2022-08-21,93.0,2022-08-06 22:35:00
8,15,DBV_ZAG,2022-08-22,82.0,2022-08-06 22:35:00
9,16,DBV_ZAG,2022-08-23,57.0,2022-08-06 22:35:00
10,17,DBV_ZAG,2022-08-24,58.0,2022-08-06 22:35:00
11,18,DBV_ZAG,2022-08-25,53.0,2022-08-06 22:35:00
12,19,DBV_ZAG,2022-08-26,56.0,2022-08-06 22:35:00
13,0,DBV_ZAG,2022-08-07,98.0,2022-08-06 22:35:00
14,1,DBV_ZAG,2022-08-08,83.0,2022-08-06 22:35:00
15,2,DBV_ZAG,2022-08-09,78.0,2022-08-06 22:35:00
16,3,DBV_ZAG,2022-08-10,77.0,2022-08-06 22:35:00
17,4,DBV_ZAG,2022-08-11,78.0,2022-08-06 22:35:00
18,5,DBV_ZAG,2022-08-12,81.0,2022-08-06 22:35:00
19,6,DBV_ZAG,2022-08-13,77.0,2022-08-06 22:35:00
20,7,DBV_ZAG,2022-08-14,81.0,2022-08-06 22:35:00
21,8,DBV_ZAG,2022-08-15,82.0,2022-08-06 22:35:00
22,9,DBV_ZAG,2022-08-16,70.0,2022-08-06 22:35:00
23,20,DBV_ZAG,2022-08-27,57.0,2022-08-06 22:35:00
24,21,DBV_ZAG,2022-08-28,82.0,2022-08-06 22:35:00
0,22,ZAG_BSL,2022-08-29,28.0,2022-08-06 22:35:00
1,13,ZAG_BSL,2022-08-19,47.0,2022-08-06 22:35:00
2,15,ZAG_BSL,2022-08-21,22.0,2022-08-06 22:35:00
3,16,ZAG_BSL,2022-08-22,37.0,2022-08-06 22:35:00
6,6,ZAG_BSL,2022-08-12,89.0,2022-08-06 22:35:00
7,8,ZAG_BSL,2022-08-14,68.0,2022-08-06 22:35:00
8,9,ZAG_BSL,2022-08-15,58.0,2022-08-06 22:35:00
9,20,ZAG_BSL,2022-08-26,23.0,2022-08-06 22:35:00
10,21,ZAG_BSL,2022-08-28,24.0,2022-08-06 22:35:00
0,11,BSL_ZAG,2022-08-19,25.0,2022-08-06 22:36:00
1,13,BSL_ZAG,2022-08-21,13.0,2022-08-06 22:36:00
2,14,BSL_ZAG,2022-08-22,13.0,2022-08-06 22:36:00
3,18,BSL_ZAG,2022-08-26,12.0,2022-08-06 22:36:00
4,0,BSL_ZAG,2022-08-08,54.0,2022-08-06 22:36:00
5,4,BSL_ZAG,2022-08-12,49.0,2022-08-06 22:36:00
6,6,BSL_ZAG,2022-08-14,13.0,2022-08-06 22:36:00
7,7,BSL_ZAG,2022-08-15,14.0,2022-08-06 22:36:00
8,20,BSL_ZAG,2022-08-28,13.0,2022-08-06 22:36:00
9,21,BSL_ZAG,2022-08-29,13.0,2022-08-06 22:36:00
0,11,ZAG_MLA,2022-08-20,59.0,2022-08-06 22:36:00
1,14,ZAG_MLA,2022-08-23,68.0,2022-08-06 22:36:00
2,16,ZAG_MLA,2022-08-25,42.0,2022-08-06 22:36:00
3,18,ZAG_MLA,2022-08-27,31.0,2022-08-06 22:36:00
4,1,ZAG_MLA,2022-08-09,79.0,2022-08-06 22:36:00
5,3,ZAG_MLA,2022-08-11,87.0,2022-08-06 22:36:00
6,5,ZAG_MLA,2022-08-13,37.0,2022-08-06 22:36:00
7,8,ZAG_MLA,2022-08-16,79.0,2022-08-06 22:36:00
8,10,ZAG_MLA,2022-08-18,93.0,2022-08-06 22:36:00
9,21,ZAG_MLA,2022-08-30,21.0,2022-08-06 22:36:00
1,12,MLA_ZAG,2022-08-20,79.0,2022-08-06 22:36:00
2,15,MLA_ZAG,2022-08-23,92.0,2022-08-06 22:36:00
3,17,MLA_ZAG,2022-08-25,91.0,2022-08-06 22:36:00
4,19,MLA_ZAG,2022-08-27,90.0,2022-08-06 22:36:00
9,10,MLA_ZAG,2022-08-18,79.0,2022-08-06 22:36:00
1,27,ZAG_TRF,2022-08-31,11.0,2022-08-06 22:36:00
2,12,ZAG_TRF,2022-08-17,90.0,2022-08-06 22:36:00
6,20,ZAG_TRF,2022-08-24,15.0,2022-08-06 22:36:00
0,11,TRF_ZAG,2022-08-20,20.0,2022-08-06 22:36:00
1,23,TRF_ZAG,2022-08-31,94.0,2022-08-06 22:36:00
2,15,TRF_ZAG,2022-08-24,14.0,2022-08-06 22:36:00
3,18,TRF_ZAG,2022-08-27,38.0,2022-08-06 22:36:00
4,3,TRF_ZAG,2022-08-10,32.0,2022-08-06 22:36:00
5,5,TRF_ZAG,2022-08-13,18.0,2022-08-06 22:36:00
6,9,TRF_ZAG,2022-08-17,15.0,2022-08-06 22:36:00
0,23,ZAG_TGD,2022-08-30,13.0,2022-08-06 22:36:00
1,13,ZAG_TGD,2022-08-20,16.0,2022-08-06 22:36:00
2,16,ZAG_TGD,2022-08-23,14.0,2022-08-06 22:36:00
4,6,ZAG_TGD,2022-08-13,84.0,2022-08-06 22:36:00
5,9,ZAG_TGD,2022-08-16,13.0,2022-08-06 22:36:00
6,20,ZAG_TGD,2022-08-27,13.0,2022-08-06 22:36:00
0,22,TGD_ZAG,2022-08-30,23.0,2022-08-06 22:36:00
1,12,TGD_ZAG,2022-08-20,76.0,2022-08-06 22:36:00
2,15,TGD_ZAG,2022-08-23,89.0,2022-08-06 22:36:00
3,19,TGD_ZAG,2022-08-27,33.0,2022-08-06 22:36:00
4,1,TGD_ZAG,2022-08-09,45.0,2022-08-06 22:36:00
5,5,TGD_ZAG,2022-08-13,58.0,2022-08-06 22:36:00
6,8,TGD_ZAG,2022-08-16,69.0,2022-08-06 22:36:00
0,22,ZAG_SOF,2022-08-30,15.0,2022-08-06 22:36:00
1,13,ZAG_SOF,2022-08-20,18.0,2022-08-06 22:36:00
2,16,ZAG_SOF,2022-08-23,15.0,2022-08-06 22:36:00
3,2,ZAG_SOF,2022-08-09,66.0,2022-08-06 22:36:00
4,6,ZAG_SOF,2022-08-13,90.0,2022-08-06 22:36:00
5,9,ZAG_SOF,2022-08-16,18.0,2022-08-06 22:36:00
6,20,ZAG_SOF,2022-08-27,18.0,2022-08-06 22:36:00
0,24,SOF_ZAG,2022-08-30,17.0,2022-08-06 22:36:00
1,13,SOF_ZAG,2022-08-20,43.0,2022-08-06 22:36:00
2,16,SOF_ZAG,2022-08-23,18.0,2022-08-06 22:36:00
3,2,SOF_ZAG,2022-08-09,21.0,2022-08-06 22:36:00
4,6,SOF_ZAG,2022-08-13,29.0,2022-08-06 22:36:00
5,9,SOF_ZAG,2022-08-16,30.0,2022-08-06 22:36:00
0,12,TRS_VLC,2022-08-19,46.0,2022-08-06 22:37:00
1,14,TRS_VLC,2022-08-22,49.0,2022-08-06 22:37:00
2,16,TRS_VLC,2022-08-26,25.0,2022-08-06 22:37:00
3,17,TRS_VLC,2022-08-29,33.0,2022-08-06 22:37:00
5,4,TRS_VLC,2022-08-12,40.0,2022-08-06 22:37:00
0,11,VLC_TRS,2022-08-19,89.0,2022-08-06 22:37:00
2,18,VLC_TRS,2022-08-26,68.0,2022-08-06 22:37:00
4,5,VLC_TRS,2022-08-12,79.0,2022-08-06 22:37:00
5,8,VLC_TRS,2022-08-15,99.0,2022-08-06 22:37:00
6,21,VLC_TRS,2022-08-29,50.0,2022-08-06 22:37:00
1,16,TRS_CRL,2022-08-25,50.0,2022-08-06 22:37:00
2,19,TRS_CRL,2022-08-28,74.0,2022-08-06 22:37:00
3,3,TRS_CRL,2022-08-11,82.0,2022-08-06 22:37:00
5,10,TRS_CRL,2022-08-18,84.0,2022-08-06 22:37:00
0,12,CRL_TRS,2022-08-21,13.0,2022-08-06 22:37:00
1,14,CRL_TRS,2022-08-25,13.0,2022-08-06 22:37:00
2,17,CRL_TRS,2022-08-28,15.0,2022-08-06 22:37:00
3,0,CRL_TRS,2022-08-07,97.0,2022-08-06 22:37:00
4,4,CRL_TRS,2022-08-11,14.0,2022-08-06 22:37:00
5,7,CRL_TRS,2022-08-14,30.0,2022-08-06 22:37:00
6,10,CRL_TRS,2022-08-18,13.0,2022-08-06 22:37:00
10,1,TRS_STN,2022-08-08,62.0,2022-08-06 22:37:00
11,2,TRS_STN,2022-08-09,49.0,2022-08-06 22:37:00
14,7,TRS_STN,2022-08-14,94.0,2022-08-06 22:37:00
15,8,TRS_STN,2022-08-15,66.0,2022-08-06 22:37:00
16,9,TRS_STN,2022-08-16,56.0,2022-08-06 22:37:00
0,22,STN_TRS,2022-08-27,55.0,2022-08-06 22:37:00
1,23,STN_TRS,2022-08-28,18.0,2022-08-06 22:37:00
2,24,STN_TRS,2022-08-29,21.0,2022-08-06 22:37:00
3,25,STN_TRS,2022-08-30,18.0,2022-08-06 22:37:00
4,10,STN_TRS,2022-08-15,79.0,2022-08-06 22:37:00
5,11,STN_TRS,2022-08-16,70.0,2022-08-06 22:37:00
6,13,STN_TRS,2022-08-18,59.0,2022-08-06 22:37:00
8,16,STN_TRS,2022-08-21,55.0,2022-08-06 22:37:00
9,17,STN_TRS,2022-08-22,50.0,2022-08-06 22:37:00
10,18,STN_TRS,2022-08-23,33.0,2022-08-06 22:37:00
16,20,STN_TRS,2022-08-25,75.0,2022-08-06 22:37:00
0,12,TRS_CAG,2022-08-25,34.0,2022-08-06 22:37:00
1,15,TRS_CAG,2022-08-28,30.0,2022-08-06 22:37:00
3,4,TRS_CAG,2022-08-11,82.0,2022-08-06 22:37:00
4,7,TRS_CAG,2022-08-14,57.0,2022-08-06 22:37:00
5,9,TRS_CAG,2022-08-18,22.0,2022-08-06 22:37:00
6,10,TRS_CAG,2022-08-21,60.0,2022-08-06 22:37:00
0,12,CAG_TRS,2022-08-21,62.0,2022-08-06 22:37:00
1,16,CAG_TRS,2022-08-25,94.0,2022-08-06 22:37:00
2,19,CAG_TRS,2022-08-28,51.0,2022-08-06 22:37:00
3,0,CAG_TRS,2022-08-07,41.0,2022-08-06 22:37:00
4,4,CAG_TRS,2022-08-11,18.0,2022-08-06 22:37:00
5,7,CAG_TRS,2022-08-14,42.0,2022-08-06 22:37:00
6,9,CAG_TRS,2022-08-18,69.0,2022-08-06 22:37:00
0,22,TRS_CTA,2022-08-25,15.0,2022-08-06 22:37:00
1,24,TRS_CTA,2022-08-27,36.0,2022-08-06 22:37:00
2,26,TRS_CTA,2022-08-29,40.0,2022-08-06 22:37:00
3,27,TRS_CTA,2022-08-30,31.0,2022-08-06 22:37:00
5,12,TRS_CTA,2022-08-15,46.0,2022-08-06 22:37:00
6,13,TRS_CTA,2022-08-16,90.0,2022-08-06 22:37:00
7,15,TRS_CTA,2022-08-18,36.0,2022-08-06 22:37:00
8,17,TRS_CTA,2022-08-20,43.0,2022-08-06 22:37:00
9,19,TRS_CTA,2022-08-22,36.0,2022-08-06 22:37:00
13,20,TRS_CTA,2022-08-23,36.0,2022-08-06 22:37:00
1,26,CTA_TRS,2022-08-27,99.0,2022-08-06 22:37:00
3,30,CTA_TRS,2022-08-30,99.0,2022-08-06 22:37:00
8,1,CTA_TRS,2022-08-08,29.0,2022-08-06 22:37:00
9,2,CTA_TRS,2022-08-09,15.0,2022-08-06 22:37:00
10,4,CTA_TRS,2022-08-11,71.0,2022-08-06 22:37:00
11,7,CTA_TRS,2022-08-13,73.0,2022-08-06 22:37:00
12,9,CTA_TRS,2022-08-15,88.0,2022-08-06 22:37:00
0,23,TRS_NAP,2022-08-25,32.0,2022-08-06 22:37:00
1,25,TRS_NAP,2022-08-27,40.0,2022-08-06 22:37:00
2,26,TRS_NAP,2022-08-28,49.0,2022-08-06 22:37:00
3,27,TRS_NAP,2022-08-29,43.0,2022-08-06 22:37:00
4,28,TRS_NAP,2022-08-30,34.0,2022-08-06 22:37:00
5,11,TRS_NAP,2022-08-13,92.0,2022-08-06 22:37:00
6,12,TRS_NAP,2022-08-14,65.0,2022-08-06 22:37:00
7,13,TRS_NAP,2022-08-15,52.0,2022-08-06 22:37:00
8,14,TRS_NAP,2022-08-16,49.0,2022-08-06 22:37:00
9,16,TRS_NAP,2022-08-18,40.0,2022-08-06 22:37:00
10,18,TRS_NAP,2022-08-20,46.0,2022-08-06 22:37:00
11,19,TRS_NAP,2022-08-21,35.0,2022-08-06 22:37:00
16,20,TRS_NAP,2022-08-22,35.0,2022-08-06 22:37:00
17,21,TRS_NAP,2022-08-23,34.0,2022-08-06 22:37:00
0,22,NAP_TRS,2022-08-23,57.0,2022-08-06 22:38:00
1,24,NAP_TRS,2022-08-25,32.0,2022-08-06 22:38:00
2,26,NAP_TRS,2022-08-27,29.0,2022-08-06 22:38:00
3,27,NAP_TRS,2022-08-28,32.0,2022-08-06 22:38:00
4,28,NAP_TRS,2022-08-29,42.0,2022-08-06 22:38:00
5,29,NAP_TRS,2022-08-30,35.0,2022-08-06 22:38:00
6,11,NAP_TRS,2022-08-14,86.0,2022-08-06 22:38:00
7,12,NAP_TRS,2022-08-15,71.0,2022-08-06 22:38:00
8,13,NAP_TRS,2022-08-16,77.0,2022-08-06 22:38:00
9,15,NAP_TRS,2022-08-18,68.0,2022-08-06 22:38:00
10,18,NAP_TRS,2022-08-20,86.0,2022-08-06 22:38:00
11,19,NAP_TRS,2022-08-21,98.0,2022-08-06 22:38:00
13,2,NAP_TRS,2022-08-08,78.0,2022-08-06 22:38:00
15,6,NAP_TRS,2022-08-11,94.0,2022-08-06 22:38:00
16,9,NAP_TRS,2022-08-13,77.0,2022-08-06 22:38:00
17,21,NAP_TRS,2022-08-22,50.0,2022-08-06 22:38:00
0,22,TRS_BRI,2022-08-27,43.0,2022-08-06 22:38:00
1,23,TRS_BRI,2022-08-28,43.0,2022-08-06 22:38:00
2,25,TRS_BRI,2022-08-30,20.0,2022-08-06 22:38:00
3,11,TRS_BRI,2022-08-16,66.0,2022-08-06 22:38:00
4,13,TRS_BRI,2022-08-18,57.0,2022-08-06 22:38:00
5,15,TRS_BRI,2022-08-20,82.0,2022-08-06 22:38:00
6,16,TRS_BRI,2022-08-21,66.0,2022-08-06 22:38:00
7,18,TRS_BRI,2022-08-23,60.0,2022-08-06 22:38:00
10,5,TRS_BRI,2022-08-11,87.0,2022-08-06 22:38:00
12,9,TRS_BRI,2022-08-14,57.0,2022-08-06 22:38:00
13,20,TRS_BRI,2022-08-25,41.0,2022-08-06 22:38:00
0,22,BRI_TRS,2022-08-27,58.0,2022-08-06 22:38:00
1,23,BRI_TRS,2022-08-28,70.0,2022-08-06 22:38:00
2,25,BRI_TRS,2022-08-30,48.0,2022-08-06 22:38:00
3,11,BRI_TRS,2022-08-18,82.0,2022-08-06 22:38:00
4,13,BRI_TRS,2022-08-20,74.0,2022-08-06 22:38:00
6,18,BRI_TRS,2022-08-23,98.0,2022-08-06 22:38:00
7,1,BRI_TRS,2022-08-09,53.0,2022-08-06 22:38:00
8,3,BRI_TRS,2022-08-11,20.0,2022-08-06 22:38:00
9,5,BRI_TRS,2022-08-13,96.0,2022-08-06 22:38:00
10,7,BRI_TRS,2022-08-14,82.0,2022-08-06 22:38:00
11,9,BRI_TRS,2022-08-16,83.0,2022-08-06 22:38:00
12,20,BRI_TRS,2022-08-25,20.0,2022-08-06 22:38:00
0,13,TRS_TPS,2022-08-22,82.0,2022-08-06 22:38:00
1,19,TRS_TPS,2022-08-29,97.0,2022-08-06 22:38:00
2,1,TRS_TPS,2022-08-08,84.0,2022-08-06 22:38:00
3,4,TRS_TPS,2022-08-11,84.0,2022-08-06 22:38:00
4,8,TRS_TPS,2022-08-15,84.0,2022-08-06 22:38:00
5,10,TRS_TPS,2022-08-18,84.0,2022-08-06 22:38:00
0,12,TPS_TRS,2022-08-22,75.0,2022-08-06 22:38:00
1,15,TPS_TRS,2022-08-25,75.0,2022-08-06 22:38:00
2,19,TPS_TRS,2022-08-29,92.0,2022-08-06 22:38:00
3,0,TPS_TRS,2022-08-08,93.0,2022-08-06 22:38:00
4,3,TPS_TRS,2022-08-11,93.0,2022-08-06 22:38:00
5,8,TPS_TRS,2022-08-18,94.0,2022-08-06 22:38:00
0,22,TRS_OLB,2022-08-30,19.0,2022-08-06 22:38:00
1,12,TRS_OLB,2022-08-19,19.0,2022-08-06 22:38:00
2,16,TRS_OLB,2022-08-23,19.0,2022-08-06 22:38:00
3,19,TRS_OLB,2022-08-26,19.0,2022-08-06 22:38:00
4,2,TRS_OLB,2022-08-09,72.0,2022-08-06 22:38:00
5,5,TRS_OLB,2022-08-12,42.0,2022-08-06 22:38:00
6,9,TRS_OLB,2022-08-16,19.0,2022-08-06 22:38:00
0,11,OLB_TRS,2022-08-19,48.0,2022-08-06 22:38:00
1,22,OLB_TRS,2022-08-30,80.0,2022-08-06 22:38:00
2,15,OLB_TRS,2022-08-23,88.0,2022-08-06 22:38:00
3,18,OLB_TRS,2022-08-26,72.0,2022-08-06 22:38:00
4,1,OLB_TRS,2022-08-09,31.0,2022-08-06 22:38:00
5,4,OLB_TRS,2022-08-12,52.0,2022-08-06 22:38:00
6,8,OLB_TRS,2022-08-16,83.0,2022-08-06 22:38:00
0,25,TRS_PMO,2022-08-31,32.0,2022-08-06 22:38:00
1,12,TRS_PMO,2022-08-17,44.0,2022-08-06 22:38:00
2,15,TRS_PMO,2022-08-20,35.0,2022-08-06 22:38:00
3,19,TRS_PMO,2022-08-24,35.0,2022-08-06 22:38:00
6,21,TRS_PMO,2022-08-27,32.0,2022-08-06 22:38:00
4,3,PMO_TRS,2022-08-10,62.0,2022-08-06 22:38:00
0,22,TRS_FCO,2022-08-24,67.0,2022-08-06 22:38:00
1,24,TRS_FCO,2022-08-25,72.0,2022-08-06 22:38:00
2,25,TRS_FCO,2022-08-26,72.0,2022-08-06 22:38:00
3,26,TRS_FCO,2022-08-27,67.0,2022-08-06 22:38:00
4,28,TRS_FCO,2022-08-28,67.0,2022-08-06 22:38:00
5,30,TRS_FCO,2022-08-29,67.0,2022-08-06 22:38:00
6,10,TRS_FCO,2022-08-15,71.0,2022-08-06 22:38:00
7,32,TRS_FCO,2022-08-30,67.0,2022-08-06 22:38:00
8,11,TRS_FCO,2022-08-16,86.0,2022-08-06 22:38:00
9,33,TRS_FCO,2022-08-31,72.0,2022-08-06 22:38:00
10,13,TRS_FCO,2022-08-17,71.0,2022-08-06 22:38:00
11,15,TRS_FCO,2022-08-18,71.0,2022-08-06 22:38:00
12,16,TRS_FCO,2022-08-19,67.0,2022-08-06 22:38:00
13,17,TRS_FCO,2022-08-20,71.0,2022-08-06 22:38:00
17,3,TRS_FCO,2022-08-09,68.0,2022-08-06 22:38:00
18,4,TRS_FCO,2022-08-10,72.0,2022-08-06 22:38:00
19,5,TRS_FCO,2022-08-11,67.0,2022-08-06 22:38:00
20,6,TRS_FCO,2022-08-12,71.0,2022-08-06 22:38:00
21,7,TRS_FCO,2022-08-13,71.0,2022-08-06 22:38:00
22,9,TRS_FCO,2022-08-14,71.0,2022-08-06 22:38:00
23,20,TRS_FCO,2022-08-22,71.0,2022-08-06 22:38:00
24,21,TRS_FCO,2022-08-23,71.0,2022-08-06 22:38:00
0,22,FCO_TRS,2022-08-26,82.0,2022-08-06 22:38:00
1,23,FCO_TRS,2022-08-27,82.0,2022-08-06 22:38:00
2,25,FCO_TRS,2022-08-28,96.0,2022-08-06 22:38:00
3,27,FCO_TRS,2022-08-29,81.0,2022-08-06 22:38:00
4,29,FCO_TRS,2022-08-30,80.0,2022-08-06 22:38:00
5,31,FCO_TRS,2022-08-31,80.0,2022-08-06 22:38:00
6,10,FCO_TRS,2022-08-17,82.0,2022-08-06 22:38:00
7,11,FCO_TRS,2022-08-18,82.0,2022-08-06 22:38:00
8,12,FCO_TRS,2022-08-19,82.0,2022-08-06 22:38:00
9,13,FCO_TRS,2022-08-20,97.0,2022-08-06 22:38:00
11,16,FCO_TRS,2022-08-22,82.0,2022-08-06 22:38:00
12,17,FCO_TRS,2022-08-23,82.0,2022-08-06 22:38:00
13,19,FCO_TRS,2022-08-24,82.0,2022-08-06 22:38:00
14,0,FCO_TRS,2022-08-08,90.0,2022-08-06 22:38:00
15,1,FCO_TRS,2022-08-09,77.0,2022-08-06 22:38:00
16,3,FCO_TRS,2022-08-10,77.0,2022-08-06 22:38:00
17,4,FCO_TRS,2022-08-11,82.0,2022-08-06 22:38:00
18,5,FCO_TRS,2022-08-12,97.0,2022-08-06 22:38:00
19,6,FCO_TRS,2022-08-13,95.0,2022-08-06 22:38:00
20,7,FCO_TRS,2022-08-14,82.0,2022-08-06 22:38:00
21,8,FCO_TRS,2022-08-15,76.0,2022-08-06 22:38:00
22,9,FCO_TRS,2022-08-16,82.0,2022-08-06 22:38:00
23,20,FCO_TRS,2022-08-25,82.0,2022-08-06 22:38:00
0,11,TRS_MLA,2022-08-28,15.0,2022-08-06 22:38:00
1,1,TRS_MLA,2022-08-11,22.0,2022-08-06 22:38:00
2,4,TRS_MLA,2022-08-14,18.0,2022-08-06 22:38:00
3,7,TRS_MLA,2022-08-18,31.0,2022-08-06 22:38:00
4,8,TRS_MLA,2022-08-21,15.0,2022-08-06 22:38:00
5,9,TRS_MLA,2022-08-25,18.0,2022-08-06 22:38:00
1,13,MLA_TRS,2022-08-25,82.0,2022-08-06 22:39:00
2,16,MLA_TRS,2022-08-28,85.0,2022-08-06 22:39:00
4,3,MLA_TRS,2022-08-11,90.0,2022-08-06 22:39:00
0,12,TRS_BEG,2022-08-20,88.0,2022-08-06 22:39:00
1,15,TRS_BEG,2022-08-24,88.0,2022-08-06 22:39:00
3,19,TRS_BEG,2022-08-31,87.0,2022-08-06 22:39:00
1,13,LJU_TIV,2022-08-22,88.0,2022-08-06 22:39:00
2,14,LJU_TIV,2022-08-24,96.0,2022-08-06 22:39:00
4,18,LJU_TIV,2022-08-28,94.0,2022-08-06 22:39:00
5,19,LJU_TIV,2022-08-29,83.0,2022-08-06 22:39:00
9,6,LJU_TIV,2022-08-14,94.0,2022-08-06 22:39:00
11,9,LJU_TIV,2022-08-17,90.0,2022-08-06 22:39:00
13,21,LJU_TIV,2022-08-31,83.0,2022-08-06 22:39:00
1,25,TIV_LJU,2022-08-29,97.0,2022-08-06 22:39:00
2,27,TIV_LJU,2022-08-31,84.0,2022-08-06 22:39:00
7,19,TIV_LJU,2022-08-24,94.0,2022-08-06 22:39:00
6,11,LJU_LTN,2022-08-16,68.0,2022-08-06 22:39:00
16,3,LJU_LTN,2022-08-09,68.0,2022-08-06 22:39:00
2,25,LGW_LJU,2022-08-28,89.0,2022-08-06 22:39:00
3,26,LGW_LJU,2022-08-29,77.0,2022-08-06 22:39:00
4,27,LTN_LJU,2022-08-30,50.0,2022-08-06 22:39:00
5,28,LGW_LJU,2022-08-31,72.0,2022-08-06 22:39:00
12,19,LTN_LJU,2022-08-23,48.0,2022-08-06 22:39:00
19,20,LGW_LJU,2022-08-24,74.0,2022-08-06 22:39:00
0,22,LJU_BEG,2022-08-28,75.0,2022-08-06 22:39:00
1,23,LJU_BEG,2022-08-29,70.0,2022-08-06 22:39:00
2,24,LJU_BEG,2022-08-31,69.0,2022-08-06 22:39:00
3,10,LJU_BEG,2022-08-16,88.0,2022-08-06 22:39:00
4,11,LJU_BEG,2022-08-17,76.0,2022-08-06 22:39:00
5,12,LJU_BEG,2022-08-18,75.0,2022-08-06 22:39:00
6,13,LJU_BEG,2022-08-19,70.0,2022-08-06 22:39:00
7,14,LJU_BEG,2022-08-20,92.0,2022-08-06 22:39:00
8,15,LJU_BEG,2022-08-21,87.0,2022-08-06 22:39:00
9,16,LJU_BEG,2022-08-22,75.0,2022-08-06 22:39:00
10,17,LJU_BEG,2022-08-23,76.0,2022-08-06 22:39:00
11,18,LJU_BEG,2022-08-24,75.0,2022-08-06 22:39:00
12,19,LJU_BEG,2022-08-25,88.0,2022-08-06 22:39:00
13,0,LJU_BEG,2022-08-08,86.0,2022-08-06 22:39:00
15,3,LJU_BEG,2022-08-10,87.0,2022-08-06 22:39:00
16,4,LJU_BEG,2022-08-11,88.0,2022-08-06 22:39:00
17,5,LJU_BEG,2022-08-12,96.0,2022-08-06 22:39:00
18,6,LJU_BEG,2022-08-13,96.0,2022-08-06 22:39:00
19,8,LJU_BEG,2022-08-14,88.0,2022-08-06 22:39:00
20,9,LJU_BEG,2022-08-15,87.0,2022-08-06 22:39:00
21,20,LJU_BEG,2022-08-26,76.0,2022-08-06 22:39:00
22,21,LJU_BEG,2022-08-27,76.0,2022-08-06 22:39:00
0,11,BEG_LJU,2022-08-19,75.0,2022-08-06 22:39:00
1,12,BEG_LJU,2022-08-20,61.0,2022-08-06 22:39:00
2,13,BEG_LJU,2022-08-21,98.0,2022-08-06 22:39:00
3,14,BEG_LJU,2022-08-23,75.0,2022-08-06 22:39:00
4,15,BEG_LJU,2022-08-24,76.0,2022-08-06 22:39:00
5,16,BEG_LJU,2022-08-25,76.0,2022-08-06 22:39:00
6,17,BEG_LJU,2022-08-26,70.0,2022-08-06 22:39:00
7,18,BEG_LJU,2022-08-28,97.0,2022-08-06 22:39:00
8,19,BEG_LJU,2022-08-29,76.0,2022-08-06 22:39:00
9,0,BEG_LJU,2022-08-08,98.0,2022-08-06 22:39:00
10,1,BEG_LJU,2022-08-09,65.0,2022-08-06 22:39:00
11,2,BEG_LJU,2022-08-10,87.0,2022-08-06 22:39:00
12,3,BEG_LJU,2022-08-11,98.0,2022-08-06 22:39:00
13,4,BEG_LJU,2022-08-12,78.0,2022-08-06 22:39:00
14,5,BEG_LJU,2022-08-13,99.0,2022-08-06 22:39:00
15,6,BEG_LJU,2022-08-14,75.0,2022-08-06 22:39:00
16,7,BEG_LJU,2022-08-15,96.0,2022-08-06 22:39:00
17,8,BEG_LJU,2022-08-16,98.0,2022-08-06 22:39:00
18,9,BEG_LJU,2022-08-17,87.0,2022-08-06 22:39:00
19,20,BEG_LJU,2022-08-30,76.0,2022-08-06 22:39:00
20,10,BEG_LJU,2022-08-18,75.0,2022-08-06 22:39:00
21,21,BEG_LJU,2022-08-31,60.0,2022-08-06 22:39:00
1,14,LJU_INI,2022-08-27,76.0,2022-08-06 22:39:00
2,1,LJU_INI,2022-08-09,76.0,2022-08-06 22:39:00
3,4,LJU_INI,2022-08-13,76.0,2022-08-06 22:39:00
4,7,LJU_INI,2022-08-16,55.0,2022-08-06 22:39:00
0,12,INI_LJU,2022-08-20,87.0,2022-08-06 22:39:00
21,7,LJU_ORY,2022-08-11,98.0,2022-08-06 22:40:00
2,25,ORY_LJU,2022-08-21,78.0,2022-08-06 22:40:00
5,30,ORY_LJU,2022-08-25,75.0,2022-08-06 22:40:00
11,35,ORY_LJU,2022-08-28,79.0,2022-08-06 22:40:00
23,20,ORY_LJU,2022-08-18,88.0,2022-08-06 22:40:00
0,22,TSF_SUF,2022-08-29,29.0,2022-08-06 22:40:00
1,23,TSF_SUF,2022-08-30,18.0,2022-08-06 22:40:00
2,24,TSF_SUF,2022-08-31,20.0,2022-08-06 22:40:00
3,10,TSF_SUF,2022-08-17,58.0,2022-08-06 22:40:00
4,11,TSF_SUF,2022-08-18,20.0,2022-08-06 22:40:00
5,12,TSF_SUF,2022-08-19,11.0,2022-08-06 22:40:00
6,13,TSF_SUF,2022-08-20,26.0,2022-08-06 22:40:00
7,14,TSF_SUF,2022-08-21,11.0,2022-08-06 22:40:00
8,15,TSF_SUF,2022-08-22,36.0,2022-08-06 22:40:00
9,16,TSF_SUF,2022-08-23,29.0,2022-08-06 22:40:00
10,17,TSF_SUF,2022-08-24,11.0,2022-08-06 22:40:00
11,18,TSF_SUF,2022-08-25,11.0,2022-08-06 22:40:00
12,19,TSF_SUF,2022-08-26,11.0,2022-08-06 22:40:00
20,7,TSF_SUF,2022-08-14,90.0,2022-08-06 22:40:00
21,8,TSF_SUF,2022-08-15,43.0,2022-08-06 22:40:00
23,20,TSF_SUF,2022-08-27,34.0,2022-08-06 22:40:00
24,21,TSF_SUF,2022-08-28,12.0,2022-08-06 22:40:00
0,11,SUF_TSF,2022-08-19,99.0,2022-08-06 22:40:00
1,22,SUF_TSF,2022-08-30,93.0,2022-08-06 22:40:00
3,23,SUF_TSF,2022-08-31,90.0,2022-08-06 22:40:00
9,18,SUF_TSF,2022-08-26,93.0,2022-08-06 22:40:00
11,0,SUF_TSF,2022-08-08,93.0,2022-08-06 22:40:00
12,1,SUF_TSF,2022-08-09,99.0,2022-08-06 22:40:00
13,2,SUF_TSF,2022-08-10,58.0,2022-08-06 22:40:00
14,3,SUF_TSF,2022-08-11,90.0,2022-08-06 22:40:00
15,4,SUF_TSF,2022-08-12,80.0,2022-08-06 22:40:00
16,5,SUF_TSF,2022-08-13,63.0,2022-08-06 22:40:00
17,6,SUF_TSF,2022-08-14,99.0,2022-08-06 22:40:00
18,7,SUF_TSF,2022-08-15,88.0,2022-08-06 22:40:00
0,22,TSF_BDS,2022-08-29,20.0,2022-08-06 22:40:00
1,23,TSF_BDS,2022-08-30,33.0,2022-08-06 22:40:00
2,24,TSF_BDS,2022-08-31,29.0,2022-08-06 22:40:00
3,10,TSF_BDS,2022-08-17,68.0,2022-08-06 22:40:00
4,11,TSF_BDS,2022-08-18,24.0,2022-08-06 22:40:00
5,12,TSF_BDS,2022-08-19,61.0,2022-08-06 22:40:00
6,13,TSF_BDS,2022-08-20,63.0,2022-08-06 22:40:00
7,14,TSF_BDS,2022-08-21,40.0,2022-08-06 22:40:00
8,15,TSF_BDS,2022-08-22,31.0,2022-08-06 22:40:00
9,16,TSF_BDS,2022-08-23,20.0,2022-08-06 22:40:00
10,17,TSF_BDS,2022-08-24,20.0,2022-08-06 22:40:00
11,18,TSF_BDS,2022-08-25,33.0,2022-08-06 22:40:00
12,19,TSF_BDS,2022-08-26,21.0,2022-08-06 22:40:00
20,7,TSF_BDS,2022-08-14,63.0,2022-08-06 22:40:00
21,8,TSF_BDS,2022-08-15,43.0,2022-08-06 22:40:00
23,20,TSF_BDS,2022-08-27,38.0,2022-08-06 22:40:00
24,21,TSF_BDS,2022-08-28,33.0,2022-08-06 22:40:00
1,23,BDS_TSF,2022-08-30,71.0,2022-08-06 22:40:00
4,11,BDS_TSF,2022-08-18,71.0,2022-08-06 22:40:00
7,14,BDS_TSF,2022-08-21,91.0,2022-08-06 22:40:00
8,15,BDS_TSF,2022-08-22,99.0,2022-08-06 22:40:00
9,16,BDS_TSF,2022-08-23,80.0,2022-08-06 22:40:00
10,17,BDS_TSF,2022-08-24,93.0,2022-08-06 22:40:00
11,18,BDS_TSF,2022-08-25,74.0,2022-08-06 22:40:00
13,1,BDS_TSF,2022-08-08,85.0,2022-08-06 22:40:00
14,2,BDS_TSF,2022-08-09,29.0,2022-08-06 22:40:00
15,3,BDS_TSF,2022-08-10,61.0,2022-08-06 22:40:00
16,4,BDS_TSF,2022-08-11,63.0,2022-08-06 22:40:00
17,5,BDS_TSF,2022-08-12,71.0,2022-08-06 22:40:00
19,7,BDS_TSF,2022-08-14,93.0,2022-08-06 22:40:00
20,8,BDS_TSF,2022-08-15,66.0,2022-08-06 22:40:00
21,9,BDS_TSF,2022-08-16,63.0,2022-08-06 22:40:00
23,21,BDS_TSF,2022-08-28,73.0,2022-08-06 22:40:00
0,22,TSF_SBZ,2022-08-31,11.0,2022-08-06 22:40:00
1,13,TSF_SBZ,2022-08-20,27.0,2022-08-06 22:40:00
2,16,TSF_SBZ,2022-08-24,11.0,2022-08-06 22:40:00
3,18,TSF_SBZ,2022-08-27,11.0,2022-08-06 22:40:00
4,2,TSF_SBZ,2022-08-10,98.0,2022-08-06 22:40:00
0,12,SBZ_TSF,2022-08-24,13.0,2022-08-06 22:40:00
1,13,SBZ_TSF,2022-08-27,48.0,2022-08-06 22:40:00
2,16,SBZ_TSF,2022-08-31,12.0,2022-08-06 22:40:00
3,3,SBZ_TSF,2022-08-10,21.0,2022-08-06 22:40:00
4,5,SBZ_TSF,2022-08-13,47.0,2022-08-06 22:40:00
5,6,SBZ_TSF,2022-08-17,34.0,2022-08-06 22:40:00
6,9,SBZ_TSF,2022-08-20,46.0,2022-08-06 22:40:00
0,22,TSF_OTP,2022-08-25,25.0,2022-08-06 22:40:00
1,23,TSF_OTP,2022-08-26,25.0,2022-08-06 22:40:00
2,24,TSF_OTP,2022-08-27,25.0,2022-08-06 22:40:00
3,25,TSF_OTP,2022-08-28,25.0,2022-08-06 22:40:00
4,26,TSF_OTP,2022-08-29,25.0,2022-08-06 22:40:00
5,27,TSF_OTP,2022-08-30,11.0,2022-08-06 22:40:00
6,28,TSF_OTP,2022-08-31,25.0,2022-08-06 22:40:00
7,10,TSF_OTP,2022-08-17,78.0,2022-08-06 22:40:00
8,11,TSF_OTP,2022-08-18,80.0,2022-08-06 22:40:00
9,12,TSF_OTP,2022-08-19,63.0,2022-08-06 22:40:00
10,14,TSF_OTP,2022-08-20,80.0,2022-08-06 22:40:00
11,16,TSF_OTP,2022-08-21,70.0,2022-08-06 22:40:00
12,18,TSF_OTP,2022-08-22,65.0,2022-08-06 22:40:00
20,7,TSF_OTP,2022-08-14,94.0,2022-08-06 22:40:00
23,20,TSF_OTP,2022-08-23,65.0,2022-08-06 22:40:00
24,21,TSF_OTP,2022-08-24,60.0,2022-08-06 22:40:00
0,22,OTP_TSF,2022-08-25,89.0,2022-08-06 22:40:00
1,23,OTP_TSF,2022-08-26,99.0,2022-08-06 22:40:00
2,24,OTP_TSF,2022-08-27,71.0,2022-08-06 22:40:00
3,25,OTP_TSF,2022-08-28,80.0,2022-08-06 22:40:00
4,26,OTP_TSF,2022-08-29,65.0,2022-08-06 22:40:00
5,27,OTP_TSF,2022-08-30,55.0,2022-08-06 22:40:00
6,28,OTP_TSF,2022-08-31,55.0,2022-08-06 22:40:00
7,10,OTP_TSF,2022-08-16,78.0,2022-08-06 22:40:00
8,11,OTP_TSF,2022-08-17,65.0,2022-08-06 22:40:00
9,12,OTP_TSF,2022-08-18,71.0,2022-08-06 22:40:00
10,13,OTP_TSF,2022-08-19,80.0,2022-08-06 22:40:00
14,19,OTP_TSF,2022-08-23,99.0,2022-08-06 22:40:00
15,0,OTP_TSF,2022-08-07,65.0,2022-08-06 22:40:00
16,1,OTP_TSF,2022-08-08,65.0,2022-08-06 22:40:00
17,2,OTP_TSF,2022-08-09,61.0,2022-08-06 22:40:00
18,3,OTP_TSF,2022-08-10,24.0,2022-08-06 22:40:00
19,4,OTP_TSF,2022-08-11,45.0,2022-08-06 22:40:00
20,6,OTP_TSF,2022-08-12,90.0,2022-08-06 22:40:00
21,7,OTP_TSF,2022-08-13,80.0,2022-08-06 22:40:00
22,8,OTP_TSF,2022-08-14,74.0,2022-08-06 22:40:00
23,9,OTP_TSF,2022-08-15,79.0,2022-08-06 22:40:00
24,21,OTP_TSF,2022-08-24,82.0,2022-08-06 22:40:00
0,22,TSF_SCV,2022-08-29,22.0,2022-08-06 22:40:00
3,18,TSF_SCV,2022-08-25,15.0,2022-08-06 22:40:00
2,17,SCV_TSF,2022-08-25,53.0,2022-08-06 22:40:00
3,1,SCV_TSF,2022-08-08,70.0,2022-08-06 22:40:00
4,4,SCV_TSF,2022-08-11,98.0,2022-08-06 22:40:00
6,20,SCV_TSF,2022-08-29,92.0,2022-08-06 22:40:00
0,23,TSF_CLJ,2022-08-30,28.0,2022-08-06 22:40:00
1,13,TSF_CLJ,2022-08-20,50.0,2022-08-06 22:40:00
2,16,TSF_CLJ,2022-08-23,25.0,2022-08-06 22:40:00
6,20,TSF_CLJ,2022-08-27,25.0,2022-08-06 22:40:00
1,14,CLJ_TSF,2022-08-27,80.0,2022-08-06 22:40:00
2,18,CLJ_TSF,2022-08-30,65.0,2022-08-06 22:40:00
3,2,CLJ_TSF,2022-08-09,70.0,2022-08-06 22:40:00
4,3,CLJ_TSF,2022-08-13,55.0,2022-08-06 22:40:00
5,6,CLJ_TSF,2022-08-16,71.0,2022-08-06 22:40:00
6,9,CLJ_TSF,2022-08-20,89.0,2022-08-06 22:40:00
0,23,TSF_IAS,2022-08-26,90.0,2022-08-06 22:40:00
2,30,TSF_IAS,2022-08-31,80.0,2022-08-06 22:40:00
10,21,TSF_IAS,2022-08-24,81.0,2022-08-06 22:40:00
0,23,TSF_SOF,2022-08-29,14.0,2022-08-06 22:40:00
1,13,TSF_SOF,2022-08-19,16.0,2022-08-06 22:40:00
2,14,TSF_SOF,2022-08-20,13.0,2022-08-06 22:40:00
3,16,TSF_SOF,2022-08-22,13.0,2022-08-06 22:40:00
8,20,TSF_SOF,2022-08-26,13.0,2022-08-06 22:40:00
9,21,TSF_SOF,2022-08-27,14.0,2022-08-06 22:40:00
0,22,SOF_TSF,2022-08-26,72.0,2022-08-06 22:41:00
6,1,SOF_TSF,2022-08-08,86.0,2022-08-06 22:41:00
8,7,SOF_TSF,2022-08-13,22.0,2022-08-06 22:41:00
9,9,SOF_TSF,2022-08-15,76.0,2022-08-06 22:41:00
0,23,TSF_BLL,2022-08-28,13.0,2022-08-06 22:41:00
1,24,TSF_BLL,2022-08-29,15.0,2022-08-06 22:41:00
2,13,TSF_BLL,2022-08-19,88.0,2022-08-06 22:41:00
3,15,TSF_BLL,2022-08-21,58.0,2022-08-06 22:41:00
4,17,TSF_BLL,2022-08-22,18.0,2022-08-06 22:41:00
8,9,TSF_BLL,2022-08-15,91.0,2022-08-06 22:41:00
9,21,TSF_BLL,2022-08-26,13.0,2022-08-06 22:41:00
0,12,BLL_TSF,2022-08-21,24.0,2022-08-06 22:41:00
1,13,BLL_TSF,2022-08-22,14.0,2022-08-06 22:41:00
2,16,BLL_TSF,2022-08-26,60.0,2022-08-06 22:41:00
3,18,BLL_TSF,2022-08-28,19.0,2022-08-06 22:41:00
4,19,BLL_TSF,2022-08-29,13.0,2022-08-06 22:41:00
5,1,BLL_TSF,2022-08-08,39.0,2022-08-06 22:41:00
6,5,BLL_TSF,2022-08-12,19.0,2022-08-06 22:41:00
7,7,BLL_TSF,2022-08-14,14.0,2022-08-06 22:41:00
8,8,BLL_TSF,2022-08-15,14.0,2022-08-06 22:41:00
9,10,BLL_TSF,2022-08-19,63.0,2022-08-06 22:41:00
0,22,TSF_MLA,2022-08-27,20.0,2022-08-06 22:41:00
1,23,TSF_MLA,2022-08-28,26.0,2022-08-06 22:41:00
2,24,TSF_MLA,2022-08-29,17.0,2022-08-06 22:41:00
3,25,TSF_MLA,2022-08-30,15.0,2022-08-06 22:41:00
4,26,TSF_MLA,2022-08-31,15.0,2022-08-06 22:41:00
6,11,TSF_MLA,2022-08-17,45.0,2022-08-06 22:41:00
7,12,TSF_MLA,2022-08-18,18.0,2022-08-06 22:41:00
8,13,TSF_MLA,2022-08-19,21.0,2022-08-06 22:41:00
9,14,TSF_MLA,2022-08-20,15.0,2022-08-06 22:41:00
10,15,TSF_MLA,2022-08-21,30.0,2022-08-06 22:41:00
11,17,TSF_MLA,2022-08-22,52.0,2022-08-06 22:41:00
12,18,TSF_MLA,2022-08-23,18.0,2022-08-06 22:41:00
13,19,TSF_MLA,2022-08-24,16.0,2022-08-06 22:41:00
16,2,TSF_MLA,2022-08-10,90.0,2022-08-06 22:41:00
17,3,TSF_MLA,2022-08-11,50.0,2022-08-06 22:41:00
18,4,TSF_MLA,2022-08-12,72.0,2022-08-06 22:41:00
22,20,TSF_MLA,2022-08-25,15.0,2022-08-06 22:41:00
23,21,TSF_MLA,2022-08-26,15.0,2022-08-06 22:41:00
4,27,MLA_TSF,2022-08-28,99.0,2022-08-06 22:41:00
5,28,MLA_TSF,2022-08-29,95.0,2022-08-06 22:41:00
6,29,MLA_TSF,2022-08-30,76.0,2022-08-06 22:41:00
7,30,MLA_TSF,2022-08-31,69.0,2022-08-06 22:41:00
15,0,MLA_TSF,2022-08-07,58.0,2022-08-06 22:41:00
17,2,MLA_TSF,2022-08-09,64.0,2022-08-06 22:41:00
18,3,MLA_TSF,2022-08-10,66.0,2022-08-06 22:41:00
0,24,TSF_FEZ,2022-08-30,15.0,2022-08-06 22:41:00
1,10,TSF_FEZ,2022-08-16,99.0,2022-08-06 22:41:00
2,14,TSF_FEZ,2022-08-20,28.0,2022-08-06 22:41:00
3,17,TSF_FEZ,2022-08-23,15.0,2022-08-06 22:41:00
6,21,TSF_FEZ,2022-08-27,15.0,2022-08-06 22:41:00
0,22,TSF_RAK,2022-08-28,83.0,2022-08-06 22:41:00
1,25,TSF_RAK,2022-08-31,20.0,2022-08-06 22:41:00
3,15,TSF_RAK,2022-08-21,80.0,2022-08-06 22:41:00
4,18,TSF_RAK,2022-08-24,25.0,2022-08-06 22:41:00
0,23,TSF_SKG,2022-08-28,15.0,2022-08-06 22:41:00
1,26,TSF_SKG,2022-08-31,15.0,2022-08-06 22:41:00
4,19,TSF_SKG,2022-08-24,15.0,2022-08-06 22:41:00
6,3,TSF_SKG,2022-08-10,86.0,2022-08-06 22:41:00
1,26,SKG_TSF,2022-08-31,73.0,2022-08-06 22:41:00
0,24,TSF_CFU,2022-08-31,18.0,2022-08-06 22:41:00
1,10,TSF_CFU,2022-08-17,42.0,2022-08-06 22:41:00
2,17,TSF_CFU,2022-08-24,18.0,2022-08-06 22:41:00
3,3,TSF_CFU,2022-08-10,99.0,2022-08-06 22:41:00
1,10,CFU_TSF,2022-08-17,82.0,2022-08-06 22:41:00
0,22,TSF_CHQ,2022-08-29,20.0,2022-08-06 22:41:00
1,12,TSF_CHQ,2022-08-19,73.0,2022-08-06 22:41:00
2,15,TSF_CHQ,2022-08-22,20.0,2022-08-06 22:41:00
3,19,TSF_CHQ,2022-08-26,20.0,2022-08-06 22:41:00
6,8,TSF_CHQ,2022-08-15,83.0,2022-08-06 22:41:00
4,1,CHQ_TSF,2022-08-08,46.0,2022-08-06 22:41:00
5,5,CHQ_TSF,2022-08-12,93.0,2022-08-06 22:41:00
0,23,TSF_KGS,2022-08-29,20.0,2022-08-06 22:41:00
1,13,TSF_KGS,2022-08-19,26.0,2022-08-06 22:41:00
2,16,TSF_KGS,2022-08-22,20.0,2022-08-06 22:41:00
6,20,TSF_KGS,2022-08-26,20.0,2022-08-06 22:41:00
4,1,KGS_TSF,2022-08-08,47.0,2022-08-06 22:42:00
5,5,KGS_TSF,2022-08-12,34.0,2022-08-06 22:42:00
6,8,KGS_TSF,2022-08-15,21.0,2022-08-06 22:42:00
0,22,TSF_IBZ,2022-08-27,30.0,2022-08-06 22:42:00
1,25,TSF_IBZ,2022-08-30,20.0,2022-08-06 22:42:00
2,11,TSF_IBZ,2022-08-16,67.0,2022-08-06 22:42:00
3,13,TSF_IBZ,2022-08-18,66.0,2022-08-06 22:42:00
4,15,TSF_IBZ,2022-08-20,27.0,2022-08-06 22:42:00
5,18,TSF_IBZ,2022-08-23,20.0,2022-08-06 22:42:00
9,20,TSF_IBZ,2022-08-25,24.0,2022-08-06 22:42:00
5,2,IBZ_TSF,2022-08-09,37.0,2022-08-06 22:42:00
6,4,IBZ_TSF,2022-08-11,25.0,2022-08-06 22:42:00
0,22,TSF_PMI,2022-08-26,19.0,2022-08-06 22:42:00
1,25,TSF_PMI,2022-08-29,23.0,2022-08-06 22:42:00
2,27,TSF_PMI,2022-08-31,15.0,2022-08-06 22:42:00
4,12,TSF_PMI,2022-08-17,90.0,2022-08-06 22:42:00
5,15,TSF_PMI,2022-08-19,82.0,2022-08-06 22:42:00
6,18,TSF_PMI,2022-08-22,68.0,2022-08-06 22:42:00
10,20,TSF_PMI,2022-08-24,19.0,2022-08-06 22:42:00
6,1,PMI_TSF,2022-08-08,36.0,2022-08-06 22:42:00
7,3,PMI_TSF,2022-08-10,68.0,2022-08-06 22:42:00
9,8,PMI_TSF,2022-08-15,79.0,2022-08-06 22:42:00
0,22,TSF_AGP,2022-08-24,57.0,2022-08-06 22:42:00
1,25,TSF_AGP,2022-08-26,52.0,2022-08-06 22:42:00
2,28,TSF_AGP,2022-08-28,24.0,2022-08-06 22:42:00
3,29,TSF_AGP,2022-08-29,52.0,2022-08-06 22:42:00
4,31,TSF_AGP,2022-08-31,25.0,2022-08-06 22:42:00
7,14,TSF_AGP,2022-08-17,94.0,2022-08-06 22:42:00
9,18,TSF_AGP,2022-08-21,79.0,2022-08-06 22:42:00
13,20,TSF_AGP,2022-08-22,69.0,2022-08-06 22:42:00
12,5,AGP_TSF,2022-08-10,71.0,2022-08-06 22:42:00
0,12,TSF_ACE,2022-08-19,81.0,2022-08-06 22:42:00
1,19,TSF_ACE,2022-08-26,26.0,2022-08-06 22:42:00
0,24,TSF_VLC,2022-08-30,59.0,2022-08-06 22:42:00
1,26,TSF_VLC,2022-08-31,59.0,2022-08-06 22:42:00
2,10,TSF_VLC,2022-08-17,63.0,2022-08-06 22:42:00
3,11,TSF_VLC,2022-08-18,42.0,2022-08-06 22:42:00
4,13,TSF_VLC,2022-08-20,86.0,2022-08-06 22:42:00
5,16,TSF_VLC,2022-08-23,34.0,2022-08-06 22:42:00
6,17,TSF_VLC,2022-08-24,54.0,2022-08-06 22:42:00
7,19,TSF_VLC,2022-08-25,45.0,2022-08-06 22:42:00
9,3,TSF_VLC,2022-08-10,87.0,2022-08-06 22:42:00
10,4,TSF_VLC,2022-08-11,75.0,2022-08-06 22:42:00
13,21,TSF_VLC,2022-08-27,50.0,2022-08-06 22:42:00
0,24,VLC_TSF,2022-08-30,80.0,2022-08-06 22:43:00
6,18,VLC_TSF,2022-08-24,87.0,2022-08-06 22:43:00
8,2,VLC_TSF,2022-08-09,64.0,2022-08-06 22:43:00
9,3,VLC_TSF,2022-08-10,90.0,2022-08-06 22:43:00
10,4,VLC_TSF,2022-08-11,74.0,2022-08-06 22:43:00
11,6,VLC_TSF,2022-08-13,93.0,2022-08-06 22:43:00
0,22,TSF_SVQ,2022-08-29,76.0,2022-08-06 22:43:00
5,4,TSF_SVQ,2022-08-12,97.0,2022-08-06 22:43:00
4,1,SVQ_TSF,2022-08-08,45.0,2022-08-06 22:43:00
5,5,SVQ_TSF,2022-08-12,49.0,2022-08-06 22:43:00
6,8,SVQ_TSF,2022-08-15,69.0,2022-08-06 22:43:00
0,13,TSF_ALC,2022-08-21,64.0,2022-08-06 22:43:00
1,17,TSF_ALC,2022-08-25,41.0,2022-08-06 22:43:00
3,6,TSF_ALC,2022-08-14,68.0,2022-08-06 22:43:00
4,20,TSF_ALC,2022-08-28,92.0,2022-08-06 22:43:00
5,10,TSF_ALC,2022-08-18,68.0,2022-08-06 22:43:00
3,21,TSF_TFS,2022-08-27,45.0,2022-08-06 22:43:00
2,2,TFS_TSF,2022-08-09,86.0,2022-08-06 22:43:00
0,24,TSF_POZ,2022-08-31,21.0,2022-08-06 22:43:00
1,10,TSF_POZ,2022-08-17,49.0,2022-08-06 22:43:00
2,14,TSF_POZ,2022-08-21,40.0,2022-08-06 22:43:00
3,17,TSF_POZ,2022-08-24,52.0,2022-08-06 22:43:00
6,21,TSF_POZ,2022-08-28,21.0,2022-08-06 22:43:00
0,22,POZ_TSF,2022-08-31,24.0,2022-08-06 22:43:00
1,13,POZ_TSF,2022-08-21,47.0,2022-08-06 22:43:00
2,15,POZ_TSF,2022-08-24,41.0,2022-08-06 22:43:00
3,19,POZ_TSF,2022-08-28,19.0,2022-08-06 22:43:00
4,2,POZ_TSF,2022-08-10,20.0,2022-08-06 22:43:00
5,6,POZ_TSF,2022-08-14,35.0,2022-08-06 22:43:00
6,9,POZ_TSF,2022-08-17,35.0,2022-08-06 22:43:00
0,24,TSF_KRK,2022-08-31,30.0,2022-08-06 22:43:00
1,10,TSF_KRK,2022-08-17,80.0,2022-08-06 22:43:00
2,13,TSF_KRK,2022-08-20,91.0,2022-08-06 22:43:00
3,17,TSF_KRK,2022-08-24,53.0,2022-08-06 22:43:00
6,20,TSF_KRK,2022-08-27,41.0,2022-08-06 22:43:00
0,22,KRK_TSF,2022-08-27,76.0,2022-08-06 22:44:00
1,27,KRK_TSF,2022-08-31,46.0,2022-08-06 22:44:00
2,11,KRK_TSF,2022-08-17,56.0,2022-08-06 22:44:00
4,19,KRK_TSF,2022-08-24,63.0,2022-08-06 22:44:00
5,3,KRK_TSF,2022-08-10,56.0,2022-08-06 22:44:00
6,6,KRK_TSF,2022-08-13,87.0,2022-08-06 22:44:00
0,22,TSF_WRO,2022-08-26,42.0,2022-08-06 22:44:00
1,23,TSF_WRO,2022-08-27,50.0,2022-08-06 22:44:00
2,25,TSF_WRO,2022-08-29,34.0,2022-08-06 22:44:00
3,26,TSF_WRO,2022-08-30,42.0,2022-08-06 22:44:00
5,12,TSF_WRO,2022-08-16,82.0,2022-08-06 22:44:00
6,15,TSF_WRO,2022-08-19,42.0,2022-08-06 22:44:00
7,16,TSF_WRO,2022-08-20,77.0,2022-08-06 22:44:00
8,18,TSF_WRO,2022-08-22,31.0,2022-08-06 22:44:00
9,19,TSF_WRO,2022-08-23,45.0,2022-08-06 22:44:00
13,8,TSF_WRO,2022-08-13,98.0,2022-08-06 22:44:00
0,22,WRO_TSF,2022-08-29,20.0,2022-08-06 22:44:00
1,12,WRO_TSF,2022-08-19,56.0,2022-08-06 22:44:00
2,23,WRO_TSF,2022-08-30,32.0,2022-08-06 22:44:00
3,13,WRO_TSF,2022-08-20,25.0,2022-08-06 22:44:00
4,15,WRO_TSF,2022-08-22,30.0,2022-08-06 22:44:00
5,16,WRO_TSF,2022-08-23,28.0,2022-08-06 22:44:00
6,19,WRO_TSF,2022-08-26,60.0,2022-08-06 22:44:00
7,1,WRO_TSF,2022-08-08,37.0,2022-08-06 22:44:00
8,2,WRO_TSF,2022-08-09,36.0,2022-08-06 22:44:00
9,5,WRO_TSF,2022-08-12,50.0,2022-08-06 22:44:00
10,6,WRO_TSF,2022-08-13,55.0,2022-08-06 22:44:00
11,8,WRO_TSF,2022-08-15,40.0,2022-08-06 22:44:00
12,9,WRO_TSF,2022-08-16,36.0,2022-08-06 22:44:00
13,20,WRO_TSF,2022-08-27,49.0,2022-08-06 22:44:00
0,23,TSF_WMI,2022-08-29,87.0,2022-08-06 22:44:00
1,11,TSF_WMI,2022-08-18,58.0,2022-08-06 22:44:00
2,12,TSF_WMI,2022-08-19,45.0,2022-08-06 22:44:00
3,15,TSF_WMI,2022-08-22,85.0,2022-08-06 22:44:00
4,18,TSF_WMI,2022-08-25,48.0,2022-08-06 22:44:00
5,19,TSF_WMI,2022-08-26,48.0,2022-08-06 22:44:00
0,11,WMI_TSF,2022-08-18,40.0,2022-08-06 22:44:00
1,22,WMI_TSF,2022-08-29,30.0,2022-08-06 22:44:00
2,12,WMI_TSF,2022-08-19,56.0,2022-08-06 22:44:00
3,15,WMI_TSF,2022-08-22,85.0,2022-08-06 22:44:00
4,18,WMI_TSF,2022-08-25,72.0,2022-08-06 22:44:00
5,19,WMI_TSF,2022-08-26,60.0,2022-08-06 22:44:00
6,1,WMI_TSF,2022-08-08,37.0,2022-08-06 22:44:00
7,4,WMI_TSF,2022-08-11,37.0,2022-08-06 22:44:00
8,5,WMI_TSF,2022-08-12,37.0,2022-08-06 22:44:00
9,8,WMI_TSF,2022-08-15,53.0,2022-08-06 22:44:00
0,23,TSF_BER,2022-08-26,93.0,2022-08-06 22:44:00
1,24,TSF_BER,2022-08-27,79.0,2022-08-06 22:44:00
3,26,TSF_BER,2022-08-29,48.0,2022-08-06 22:44:00
4,27,TSF_BER,2022-08-30,20.0,2022-08-06 22:44:00
5,29,TSF_BER,2022-08-31,56.0,2022-08-06 22:44:00
12,19,TSF_BER,2022-08-23,89.0,2022-08-06 22:44:00
21,9,TSF_BER,2022-08-16,98.0,2022-08-06 22:44:00
22,20,TSF_BER,2022-08-24,88.0,2022-08-06 22:44:00
23,21,TSF_BER,2022-08-25,89.0,2022-08-06 22:44:00
0,22,BER_TSF,2022-08-24,79.0,2022-08-06 22:44:00
1,23,BER_TSF,2022-08-25,79.0,2022-08-06 22:44:00
2,24,BER_TSF,2022-08-26,85.0,2022-08-06 22:44:00
4,27,BER_TSF,2022-08-28,67.0,2022-08-06 22:44:00
6,30,BER_TSF,2022-08-30,49.0,2022-08-06 22:44:00
7,31,BER_TSF,2022-08-31,89.0,2022-08-06 22:44:00
8,10,BER_TSF,2022-08-14,94.0,2022-08-06 22:44:00
10,12,BER_TSF,2022-08-16,57.0,2022-08-06 22:44:00
11,13,BER_TSF,2022-08-17,68.0,2022-08-06 22:44:00
12,14,BER_TSF,2022-08-18,80.0,2022-08-06 22:44:00
13,15,BER_TSF,2022-08-19,79.0,2022-08-06 22:44:00
20,5,BER_TSF,2022-08-10,78.0,2022-08-06 22:44:00
21,7,BER_TSF,2022-08-11,79.0,2022-08-06 22:44:00
23,9,BER_TSF,2022-08-13,80.0,2022-08-06 22:44:00
24,21,BER_TSF,2022-08-23,93.0,2022-08-06 22:44:00
0,22,TSF_HHN,2022-08-29,29.0,2022-08-06 22:44:00
1,12,TSF_HHN,2022-08-19,66.0,2022-08-06 22:44:00
2,15,TSF_HHN,2022-08-22,72.0,2022-08-06 22:44:00
3,19,TSF_HHN,2022-08-26,48.0,2022-08-06 22:44:00
0,23,HHN_TSF,2022-08-29,20.0,2022-08-06 22:44:00
1,13,HHN_TSF,2022-08-19,90.0,2022-08-06 22:44:00
4,6,HHN_TSF,2022-08-12,72.0,2022-08-06 22:44:00
6,20,HHN_TSF,2022-08-26,37.0,2022-08-06 22:44:00
0,12,TSF_BUD,2022-08-20,42.0,2022-08-06 22:44:00
1,23,TSF_BUD,2022-08-31,22.0,2022-08-06 22:44:00
2,13,TSF_BUD,2022-08-21,22.0,2022-08-06 22:44:00
3,16,TSF_BUD,2022-08-24,44.0,2022-08-06 22:44:00
4,19,TSF_BUD,2022-08-27,33.0,2022-08-06 22:44:00
6,5,TSF_BUD,2022-08-13,67.0,2022-08-06 22:44:00
8,9,TSF_BUD,2022-08-17,77.0,2022-08-06 22:44:00
9,20,TSF_BUD,2022-08-28,34.0,2022-08-06 22:44:00
0,24,BUD_TSF,2022-08-31,53.0,2022-08-06 22:44:00
2,13,BUD_TSF,2022-08-20,78.0,2022-08-06 22:44:00
3,14,BUD_TSF,2022-08-21,78.0,2022-08-06 22:44:00
4,17,BUD_TSF,2022-08-24,71.0,2022-08-06 22:44:00
5,0,BUD_TSF,2022-08-07,60.0,2022-08-06 22:44:00
6,3,BUD_TSF,2022-08-10,24.0,2022-08-06 22:44:00
7,6,BUD_TSF,2022-08-13,26.0,2022-08-06 22:44:00
8,7,BUD_TSF,2022-08-14,67.0,2022-08-06 22:44:00
9,20,BUD_TSF,2022-08-27,46.0,2022-08-06 22:44:00
10,21,BUD_TSF,2022-08-28,46.0,2022-08-06 22:44:00
0,23,TSF_PFO,2022-08-28,23.0,2022-08-06 22:45:00
1,14,TSF_PFO,2022-08-19,82.0,2022-08-06 22:45:00
2,16,TSF_PFO,2022-08-21,63.0,2022-08-06 22:45:00
6,21,TSF_PFO,2022-08-26,58.0,2022-08-06 22:45:00
3,0,PFO_TSF,2022-08-07,71.0,2022-08-06 22:45:00
4,5,PFO_TSF,2022-08-12,80.0,2022-08-06 22:45:00
6,21,PFO_TSF,2022-08-26,96.0,2022-08-06 22:45:00
0,11,TSF_SJJ,2022-08-18,25.0,2022-08-06 22:45:00
1,14,TSF_SJJ,2022-08-21,25.0,2022-08-06 22:45:00
2,18,TSF_SJJ,2022-08-25,25.0,2022-08-06 22:45:00
4,4,TSF_SJJ,2022-08-11,50.0,2022-08-06 22:45:00
5,7,TSF_SJJ,2022-08-14,40.0,2022-08-06 22:45:00
6,21,TSF_SJJ,2022-08-28,25.0,2022-08-06 22:45:00
0,14,SJJ_TSF,2022-08-25,38.0,2022-08-06 22:45:00
1,17,SJJ_TSF,2022-08-28,43.0,2022-08-06 22:45:00
2,0,SJJ_TSF,2022-08-07,61.0,2022-08-06 22:45:00
3,4,SJJ_TSF,2022-08-11,26.0,2022-08-06 22:45:00
4,6,SJJ_TSF,2022-08-14,35.0,2022-08-06 22:45:00
5,8,SJJ_TSF,2022-08-18,35.0,2022-08-06 22:45:00
6,10,SJJ_TSF,2022-08-21,56.0,2022-08-06 22:45:00
0,24,TSF_SKP,2022-08-30,25.0,2022-08-06 22:45:00
1,10,TSF_SKP,2022-08-16,70.0,2022-08-06 22:45:00
2,14,TSF_SKP,2022-08-20,35.0,2022-08-06 22:45:00
3,17,TSF_SKP,2022-08-23,25.0,2022-08-06 22:45:00
6,21,TSF_SKP,2022-08-27,25.0,2022-08-06 22:45:00
0,22,TSF_CRL,2022-08-29,39.0,2022-08-06 22:45:00
1,23,TSF_CRL,2022-08-30,24.0,2022-08-06 22:45:00
2,24,TSF_CRL,2022-08-31,33.0,2022-08-06 22:45:00
3,10,TSF_CRL,2022-08-18,67.0,2022-08-06 22:45:00
4,11,TSF_CRL,2022-08-19,96.0,2022-08-06 22:45:00
5,12,TSF_CRL,2022-08-20,84.0,2022-08-06 22:45:00
6,13,TSF_CRL,2022-08-21,88.0,2022-08-06 22:45:00
7,14,TSF_CRL,2022-08-22,64.0,2022-08-06 22:45:00
8,15,TSF_CRL,2022-08-23,74.0,2022-08-06 22:45:00
9,16,TSF_CRL,2022-08-24,61.0,2022-08-06 22:45:00
10,17,TSF_CRL,2022-08-25,56.0,2022-08-06 22:45:00
11,18,TSF_CRL,2022-08-26,58.0,2022-08-06 22:45:00
12,19,TSF_CRL,2022-08-27,73.0,2022-08-06 22:45:00
21,8,TSF_CRL,2022-08-16,77.0,2022-08-06 22:45:00
0,11,CRL_TSF,2022-08-19,22.0,2022-08-06 22:45:00
1,22,CRL_TSF,2022-08-30,15.0,2022-08-06 22:45:00
2,12,CRL_TSF,2022-08-20,15.0,2022-08-06 22:45:00
3,23,CRL_TSF,2022-08-31,15.0,2022-08-06 22:45:00
4,13,CRL_TSF,2022-08-21,30.0,2022-08-06 22:45:00
5,14,CRL_TSF,2022-08-22,36.0,2022-08-06 22:45:00
6,15,CRL_TSF,2022-08-23,17.0,2022-08-06 22:45:00
7,16,CRL_TSF,2022-08-24,15.0,2022-08-06 22:45:00
8,17,CRL_TSF,2022-08-25,15.0,2022-08-06 22:45:00
9,18,CRL_TSF,2022-08-26,16.0,2022-08-06 22:45:00
10,19,CRL_TSF,2022-08-27,16.0,2022-08-06 22:45:00
11,0,CRL_TSF,2022-08-08,43.0,2022-08-06 22:45:00
12,1,CRL_TSF,2022-08-09,36.0,2022-08-06 22:45:00
13,2,CRL_TSF,2022-08-10,26.0,2022-08-06 22:45:00
14,3,CRL_TSF,2022-08-11,18.0,2022-08-06 22:45:00
15,4,CRL_TSF,2022-08-12,57.0,2022-08-06 22:45:00
16,5,CRL_TSF,2022-08-13,28.0,2022-08-06 22:45:00
17,6,CRL_TSF,2022-08-14,15.0,2022-08-06 22:45:00
18,7,CRL_TSF,2022-08-15,22.0,2022-08-06 22:45:00
19,8,CRL_TSF,2022-08-16,16.0,2022-08-06 22:45:00
20,9,CRL_TSF,2022-08-17,17.0,2022-08-06 22:45:00
21,20,CRL_TSF,2022-08-28,24.0,2022-08-06 22:45:00
22,10,CRL_TSF,2022-08-18,15.0,2022-08-06 22:45:00
23,21,CRL_TSF,2022-08-29,17.0,2022-08-06 22:45:00
0,22,TSF_EDI,2022-08-26,53.0,2022-08-06 22:45:00
1,25,TSF_EDI,2022-08-29,54.0,2022-08-06 22:45:00
2,13,TSF_EDI,2022-08-19,80.0,2022-08-06 22:45:00
3,17,TSF_EDI,2022-08-22,59.0,2022-08-06 22:45:00
0,23,EDI_TSF,2022-08-29,76.0,2022-08-06 22:46:00
2,16,EDI_TSF,2022-08-22,93.0,2022-08-06 22:46:00
3,0,EDI_TSF,2022-08-08,48.0,2022-08-06 22:46:00
4,4,EDI_TSF,2022-08-12,61.0,2022-08-06 22:46:00
1,11,TSF_BRS,2022-08-18,65.0,2022-08-06 22:46:00
2,13,TSF_BRS,2022-08-20,44.0,2022-08-06 22:46:00
8,4,TSF_BRS,2022-08-11,95.0,2022-08-06 22:46:00
9,6,TSF_BRS,2022-08-13,80.0,2022-08-06 22:46:00
12,20,TSF_BRS,2022-08-27,65.0,2022-08-06 22:46:00
0,23,BRS_TSF,2022-08-30,21.0,2022-08-06 22:46:00
1,11,BRS_TSF,2022-08-18,46.0,2022-08-06 22:46:00
2,13,BRS_TSF,2022-08-20,45.0,2022-08-06 22:46:00
3,14,BRS_TSF,2022-08-21,63.0,2022-08-06 22:46:00
4,16,BRS_TSF,2022-08-23,70.0,2022-08-06 22:46:00
5,18,BRS_TSF,2022-08-25,35.0,2022-08-06 22:46:00
6,1,BRS_TSF,2022-08-09,36.0,2022-08-06 22:46:00
8,6,BRS_TSF,2022-08-13,51.0,2022-08-06 22:46:00
9,7,BRS_TSF,2022-08-14,93.0,2022-08-06 22:46:00
10,9,BRS_TSF,2022-08-16,42.0,2022-08-06 22:46:00
11,20,BRS_TSF,2022-08-27,81.0,2022-08-06 22:46:00
12,21,BRS_TSF,2022-08-28,40.0,2022-08-06 22:46:00
11,6,TSF_MAN,2022-08-13,93.0,2022-08-06 22:46:00
0,22,MAN_TSF,2022-08-27,98.0,2022-08-06 22:46:00
1,24,MAN_TSF,2022-08-28,86.0,2022-08-06 22:46:00
2,27,MAN_TSF,2022-08-30,60.0,2022-08-06 22:46:00
3,10,MAN_TSF,2022-08-16,93.0,2022-08-06 22:46:00
4,12,MAN_TSF,2022-08-18,91.0,2022-08-06 22:46:00
5,14,MAN_TSF,2022-08-20,55.0,2022-08-06 22:46:00
6,15,MAN_TSF,2022-08-21,80.0,2022-08-06 22:46:00
7,17,MAN_TSF,2022-08-23,56.0,2022-08-06 22:46:00
9,5,MAN_TSF,2022-08-11,92.0,2022-08-06 22:46:00
10,7,MAN_TSF,2022-08-13,81.0,2022-08-06 22:46:00
11,8,MAN_TSF,2022-08-14,81.0,2022-08-06 22:46:00
1,26,TSF_EMA,2022-08-31,99.0,2022-08-06 22:46:00
2,10,TSF_EMA,2022-08-17,75.0,2022-08-06 22:46:00
3,12,TSF_EMA,2022-08-19,84.0,2022-08-06 22:46:00
5,17,TSF_EMA,2022-08-24,94.0,2022-08-06 22:46:00
8,3,TSF_EMA,2022-08-10,78.0,2022-08-06 22:46:00
0,23,EMA_TSF,2022-08-29,47.0,2022-08-06 22:46:00
1,25,EMA_TSF,2022-08-31,24.0,2022-08-06 22:46:00
3,12,EMA_TSF,2022-08-17,43.0,2022-08-06 22:46:00
4,14,EMA_TSF,2022-08-19,69.0,2022-08-06 22:46:00
5,17,EMA_TSF,2022-08-22,53.0,2022-08-06 22:46:00
6,19,EMA_TSF,2022-08-24,33.0,2022-08-06 22:46:00
10,21,EMA_TSF,2022-08-26,90.0,2022-08-06 22:46:00
0,22,TSF_BOD,2022-08-26,82.0,2022-08-06 22:46:00
1,25,TSF_BOD,2022-08-29,66.0,2022-08-06 22:46:00
0,23,BOD_TSF,2022-08-29,18.0,2022-08-06 22:46:00
1,13,BOD_TSF,2022-08-19,66.0,2022-08-06 22:46:00
2,16,BOD_TSF,2022-08-22,53.0,2022-08-06 22:46:00
3,1,BOD_TSF,2022-08-08,85.0,2022-08-06 22:46:00
4,5,BOD_TSF,2022-08-12,61.0,2022-08-06 22:46:00
6,20,BOD_TSF,2022-08-26,15.0,2022-08-06 22:46:00
1,24,TSF_BVA,2022-08-29,85.0,2022-08-06 22:46:00
2,25,TSF_BVA,2022-08-30,75.0,2022-08-06 22:46:00
3,27,TSF_BVA,2022-08-31,90.0,2022-08-06 22:46:00
10,16,TSF_BVA,2022-08-22,89.0,2022-08-06 22:46:00
11,17,TSF_BVA,2022-08-23,92.0,2022-08-06 22:46:00
19,6,TSF_BVA,2022-08-12,85.0,2022-08-06 22:46:00
23,20,TSF_BVA,2022-08-26,92.0,2022-08-06 22:46:00
0,11,BVA_TSF,2022-08-19,52.0,2022-08-06 22:46:00
1,22,BVA_TSF,2022-08-30,15.0,2022-08-06 22:46:00
2,12,BVA_TSF,2022-08-20,75.0,2022-08-06 22:46:00
3,23,BVA_TSF,2022-08-31,13.0,2022-08-06 22:46:00
4,13,BVA_TSF,2022-08-21,24.0,2022-08-06 22:46:00
5,14,BVA_TSF,2022-08-22,37.0,2022-08-06 22:46:00
6,15,BVA_TSF,2022-08-23,27.0,2022-08-06 22:46:00
7,16,BVA_TSF,2022-08-24,16.0,2022-08-06 22:46:00
8,17,BVA_TSF,2022-08-25,20.0,2022-08-06 22:46:00
9,18,BVA_TSF,2022-08-26,15.0,2022-08-06 22:46:00
10,19,BVA_TSF,2022-08-27,32.0,2022-08-06 22:46:00
11,0,BVA_TSF,2022-08-08,87.0,2022-08-06 22:46:00
12,1,BVA_TSF,2022-08-09,64.0,2022-08-06 22:46:00
13,2,BVA_TSF,2022-08-10,60.0,2022-08-06 22:46:00
14,3,BVA_TSF,2022-08-11,48.0,2022-08-06 22:46:00
16,5,BVA_TSF,2022-08-13,60.0,2022-08-06 22:46:00
17,6,BVA_TSF,2022-08-14,67.0,2022-08-06 22:46:00
18,7,BVA_TSF,2022-08-15,81.0,2022-08-06 22:46:00
19,8,BVA_TSF,2022-08-16,61.0,2022-08-06 22:46:00
20,9,BVA_TSF,2022-08-17,46.0,2022-08-06 22:46:00
21,20,BVA_TSF,2022-08-28,16.0,2022-08-06 22:46:00
22,10,BVA_TSF,2022-08-18,48.0,2022-08-06 22:46:00
23,21,BVA_TSF,2022-08-29,14.0,2022-08-06 22:46:00
0,23,TSF_OPO,2022-08-30,65.0,2022-08-06 22:46:00
1,13,TSF_OPO,2022-08-20,60.0,2022-08-06 22:46:00
2,16,TSF_OPO,2022-08-23,52.0,2022-08-06 22:46:00
5,9,TSF_OPO,2022-08-16,97.0,2022-08-06 22:46:00
6,20,TSF_OPO,2022-08-27,54.0,2022-08-06 22:46:00
0,22,TSF_TIA,2022-08-24,40.0,2022-08-06 22:46:00
1,23,TSF_TIA,2022-08-25,40.0,2022-08-06 22:46:00
2,24,TSF_TIA,2022-08-26,38.0,2022-08-06 22:46:00
3,25,TSF_TIA,2022-08-27,45.0,2022-08-06 22:46:00
4,27,TSF_TIA,2022-08-29,55.0,2022-08-06 22:46:00
5,28,TSF_TIA,2022-08-30,40.0,2022-08-06 22:46:00
6,29,TSF_TIA,2022-08-31,40.0,2022-08-06 22:46:00
12,18,TSF_TIA,2022-08-20,81.0,2022-08-06 22:46:00
19,20,TSF_TIA,2022-08-22,55.0,2022-08-06 22:46:00
20,21,TSF_TIA,2022-08-23,40.0,2022-08-06 22:46:00
11,1,TIA_TSF,2022-08-08,80.0,2022-08-06 22:46:00
12,2,TIA_TSF,2022-08-09,70.0,2022-08-06 22:46:00
13,3,TIA_TSF,2022-08-10,77.0,2022-08-06 22:46:00
14,4,TIA_TSF,2022-08-11,80.0,2022-08-06 22:46:00
0,25,TSF_PRG,2022-08-29,61.0,2022-08-06 22:47:00
1,13,TSF_PRG,2022-08-19,81.0,2022-08-06 22:47:00
0,22,PRG_TSF,2022-08-29,14.0,2022-08-06 22:47:00
1,12,PRG_TSF,2022-08-19,84.0,2022-08-06 22:47:00
2,15,PRG_TSF,2022-08-22,61.0,2022-08-06 22:47:00
4,1,PRG_TSF,2022-08-08,90.0,2022-08-06 22:47:00
5,5,PRG_TSF,2022-08-12,95.0,2022-08-06 22:47:00
6,8,PRG_TSF,2022-08-15,90.0,2022-08-06 22:47:00
12,36,TSF_DUB,2022-08-30,66.0,2022-08-06 22:47:00
13,37,TSF_DUB,2022-08-31,74.0,2022-08-06 22:47:00
15,18,TSF_DUB,2022-08-19,83.0,2022-08-06 22:47:00
0,23,DUB_TSF,2022-08-24,60.0,2022-08-06 22:47:00
1,25,DUB_TSF,2022-08-25,45.0,2022-08-06 22:47:00
2,26,DUB_TSF,2022-08-26,70.0,2022-08-06 22:47:00
3,28,DUB_TSF,2022-08-27,96.0,2022-08-06 22:47:00
4,29,DUB_TSF,2022-08-28,70.0,2022-08-06 22:47:00
5,31,DUB_TSF,2022-08-29,76.0,2022-08-06 22:47:00
6,10,DUB_TSF,2022-08-16,60.0,2022-08-06 22:47:00
7,33,DUB_TSF,2022-08-30,52.0,2022-08-06 22:47:00
8,12,DUB_TSF,2022-08-17,63.0,2022-08-06 22:47:00
9,34,DUB_TSF,2022-08-31,49.0,2022-08-06 22:47:00
10,14,DUB_TSF,2022-08-18,55.0,2022-08-06 22:47:00
11,16,DUB_TSF,2022-08-19,70.0,2022-08-06 22:47:00
13,19,DUB_TSF,2022-08-21,70.0,2022-08-06 22:47:00
14,0,DUB_TSF,2022-08-07,72.0,2022-08-06 22:47:00
15,1,DUB_TSF,2022-08-08,52.0,2022-08-06 22:47:00
16,3,DUB_TSF,2022-08-09,52.0,2022-08-06 22:47:00
17,4,DUB_TSF,2022-08-10,40.0,2022-08-06 22:47:00
18,5,DUB_TSF,2022-08-11,30.0,2022-08-06 22:47:00
19,6,DUB_TSF,2022-08-12,40.0,2022-08-06 22:47:00
20,7,DUB_TSF,2022-08-13,74.0,2022-08-06 22:47:00
21,8,DUB_TSF,2022-08-14,45.0,2022-08-06 22:47:00
22,9,DUB_TSF,2022-08-15,37.0,2022-08-06 22:47:00
23,20,DUB_TSF,2022-08-22,79.0,2022-08-06 22:47:00
24,21,DUB_TSF,2022-08-23,70.0,2022-08-06 22:47:00
1,25,TSF_RIX,2022-08-30,47.0,2022-08-06 22:47:00
2,14,TSF_RIX,2022-08-20,80.0,2022-08-06 22:47:00
3,19,RIX_TSF,2022-08-27,82.0,2022-08-06 22:47:00
5,5,RIX_TSF,2022-08-13,81.0,2022-08-06 22:47:00
6,8,RIX_TSF,2022-08-16,80.0,2022-08-06 22:47:00
0,22,TSF_EIN,2022-08-30,65.0,2022-08-06 22:47:00
2,15,TSF_EIN,2022-08-23,70.0,2022-08-06 22:47:00
3,17,TSF_EIN,2022-08-25,75.0,2022-08-06 22:47:00
7,8,TSF_EIN,2022-08-16,82.0,2022-08-06 22:47:00
9,10,TSF_EIN,2022-08-18,91.0,2022-08-06 22:47:00
0,11,EIN_TSF,2022-08-18,49.0,2022-08-06 22:47:00
1,23,EIN_TSF,2022-08-30,20.0,2022-08-06 22:47:00
2,14,EIN_TSF,2022-08-21,43.0,2022-08-06 22:47:00
3,16,EIN_TSF,2022-08-23,28.0,2022-08-06 22:47:00
4,18,EIN_TSF,2022-08-25,31.0,2022-08-06 22:47:00
6,2,EIN_TSF,2022-08-09,49.0,2022-08-06 22:47:00
7,4,EIN_TSF,2022-08-11,32.0,2022-08-06 22:47:00
8,7,EIN_TSF,2022-08-14,20.0,2022-08-06 22:47:00
9,9,EIN_TSF,2022-08-16,21.0,2022-08-06 22:47:00
10,21,EIN_TSF,2022-08-28,28.0,2022-08-06 22:47:00
